date,carbon,temp_C,operator,colony_idx,area,time_min
20181018,glycerol,37,O2,1,263,7
20181018,glycerol,37,O2,1,283,14
20181018,glycerol,37,O2,1,309,21
20181018,glycerol,37,O2,1,317,28
20181018,glycerol,37,O2,1,326,35
20181018,glycerol,37,O2,1,340,42
20181018,glycerol,37,O2,1,341,49
20181018,glycerol,37,O2,1,338,56
20181018,glycerol,37,O2,1,346,63
20181018,glycerol,37,O2,1,357,70
20181018,glycerol,37,O2,1,368,77
20181018,glycerol,37,O2,1,392,84
20181018,glycerol,37,O2,1,395,91
20181018,glycerol,37,O2,1,393,98
20181018,glycerol,37,O2,1,401,105
20181018,glycerol,37,O2,1,406,112
20181018,glycerol,37,O2,1,395,119
20181018,glycerol,37,O2,1,448,126
20181018,glycerol,37,O2,1,481,133
20181018,glycerol,37,O2,1,522,140
20181018,glycerol,37,O2,1,583,147
20181018,glycerol,37,O2,1,577,154
20181018,glycerol,37,O2,1,643,161
20181018,glycerol,37,O2,1,698,168
20181018,glycerol,37,O2,1,767,175
20181018,glycerol,37,O2,1,845,182
20181018,glycerol,37,O2,1,939,189
20181018,glycerol,37,O2,1,1011,196
20181018,glycerol,37,O2,1,1092,203
20181018,glycerol,37,O2,1,1159,210
20181018,glycerol,37,O2,1,1211,217
20181018,glycerol,37,O2,1,1304,224
20181018,glycerol,37,O2,1,1363,231
20181018,glycerol,37,O2,1,1436,238
20181018,glycerol,37,O2,1,1482,245
20181018,glycerol,37,O2,1,1538,252
20181018,glycerol,37,O2,1,1579,259
20181018,glycerol,37,O2,1,1654,266
20181018,glycerol,37,O2,1,1713,273
20181018,glycerol,37,O2,1,1814,280
20181018,glycerol,37,O2,1,1902,287
20181018,glycerol,37,O2,1,1984,294
20181018,glycerol,37,O2,1,2024,301
20181018,glycerol,37,O2,1,2096,308
20181018,glycerol,37,O2,1,2182,315
20181018,glycerol,37,O2,1,2270,322
20181018,glycerol,37,O2,1,2311,329
20181018,glycerol,37,O2,1,2378,336
20181018,glycerol,37,O2,1,2474,343
20181018,glycerol,37,O2,1,2543,350
20181018,glycerol,37,O2,1,2636,357
20181018,glycerol,37,O2,1,2725,364
20181018,glycerol,37,O2,1,2848,371
20181018,glycerol,37,O2,1,2987,378
20181018,glycerol,37,O2,1,3176,385
20181018,glycerol,37,O2,1,3409,392
20181018,glycerol,37,O2,1,3602,399
20181018,glycerol,37,O2,1,3745,406
20181018,glycerol,37,O2,1,3925,413
20181018,glycerol,37,O2,1,4037,420
20181018,glycerol,37,O2,1,4216,427
20181018,glycerol,37,O2,1,4354,434
20181018,glycerol,37,O2,1,4600,441
20181018,glycerol,37,O2,1,4843,448
20181018,glycerol,37,O2,1,5085,455
20181018,glycerol,37,O2,1,5299,462
20181018,glycerol,37,O2,1,5556,469
20181018,glycerol,37,O2,1,5813,476
20181018,glycerol,37,O2,2,318,7
20181018,glycerol,37,O2,2,309,14
20181018,glycerol,37,O2,2,288,21
20181018,glycerol,37,O2,2,306,28
20181018,glycerol,37,O2,2,0,35
20181018,glycerol,37,O2,2,331,42
20181018,glycerol,37,O2,2,0,49
20181018,glycerol,37,O2,2,0,56
20181018,glycerol,37,O2,2,0,63
20181018,glycerol,37,O2,2,0,70
20181018,glycerol,37,O2,2,0,77
20181018,glycerol,37,O2,2,0,84
20181018,glycerol,37,O2,2,0,91
20181018,glycerol,37,O2,2,0,98
20181018,glycerol,37,O2,2,219,105
20181018,glycerol,37,O2,2,372,112
20181018,glycerol,37,O2,2,268,119
20181018,glycerol,37,O2,2,283,126
20181018,glycerol,37,O2,2,292,133
20181018,glycerol,37,O2,2,404,140
20181018,glycerol,37,O2,2,300,147
20181018,glycerol,37,O2,2,0,154
20181018,glycerol,37,O2,2,0,161
20181018,glycerol,37,O2,2,0,168
20181018,glycerol,37,O2,2,0,175
20181018,glycerol,37,O2,2,0,182
20181018,glycerol,37,O2,2,0,189
20181018,glycerol,37,O2,2,231,196
20181018,glycerol,37,O2,2,642,203
20181018,glycerol,37,O2,2,907,210
20181018,glycerol,37,O2,2,1059,217
20181018,glycerol,37,O2,2,1272,224
20181018,glycerol,37,O2,2,1527,231
20181018,glycerol,37,O2,2,1703,238
20181018,glycerol,37,O2,2,1846,245
20181018,glycerol,37,O2,2,1975,252
20181018,glycerol,37,O2,2,2083,259
20181018,glycerol,37,O2,2,2175,266
20181018,glycerol,37,O2,2,2318,273
20181018,glycerol,37,O2,2,2420,280
20181018,glycerol,37,O2,2,2554,287
20181018,glycerol,37,O2,2,2682,294
20181018,glycerol,37,O2,2,2799,301
20181018,glycerol,37,O2,2,2932,308
20181018,glycerol,37,O2,2,3023,315
20181018,glycerol,37,O2,2,3146,322
20181018,glycerol,37,O2,2,3238,329
20181018,glycerol,37,O2,2,3366,336
20181018,glycerol,37,O2,2,3492,343
20181018,glycerol,37,O2,2,3656,350
20181018,glycerol,37,O2,2,3790,357
20181018,glycerol,37,O2,2,3935,364
20181018,glycerol,37,O2,2,4107,371
20181018,glycerol,37,O2,2,4230,378
20181018,glycerol,37,O2,2,4442,385
20181018,glycerol,37,O2,2,4669,392
20181018,glycerol,37,O2,2,4949,399
20181018,glycerol,37,O2,2,5144,406
20181018,glycerol,37,O2,2,5404,413
20181018,glycerol,37,O2,2,5661,420
20181018,glycerol,37,O2,2,6019,427
20181018,glycerol,37,O2,2,6162,434
20181018,glycerol,37,O2,2,6467,441
20181018,glycerol,37,O2,2,6765,448
20181018,glycerol,37,O2,2,7009,455
20181018,glycerol,37,O2,2,7129,462
20181018,glycerol,37,O2,2,7445,469
20181018,glycerol,37,O2,2,7621,476
20181018,glycerol,37,O2,3,1180,7
20181018,glycerol,37,O2,3,1164,14
20181018,glycerol,37,O2,3,1177,21
20181018,glycerol,37,O2,3,1190,28
20181018,glycerol,37,O2,3,1203,35
20181018,glycerol,37,O2,3,1215,42
20181018,glycerol,37,O2,3,1235,49
20181018,glycerol,37,O2,3,1193,56
20181018,glycerol,37,O2,3,1198,63
20181018,glycerol,37,O2,3,1227,70
20181018,glycerol,37,O2,3,1201,77
20181018,glycerol,37,O2,3,1221,84
20181018,glycerol,37,O2,3,1216,91
20181018,glycerol,37,O2,3,1216,98
20181018,glycerol,37,O2,3,1204,105
20181018,glycerol,37,O2,3,1193,112
20181018,glycerol,37,O2,3,1171,119
20181018,glycerol,37,O2,3,1174,126
20181018,glycerol,37,O2,3,1189,133
20181018,glycerol,37,O2,3,1217,140
20181018,glycerol,37,O2,3,1238,147
20181018,glycerol,37,O2,3,1231,154
20181018,glycerol,37,O2,3,1230,161
20181018,glycerol,37,O2,3,1233,168
20181018,glycerol,37,O2,3,1265,175
20181018,glycerol,37,O2,3,1274,182
20181018,glycerol,37,O2,3,1303,189
20181018,glycerol,37,O2,3,1337,196
20181018,glycerol,37,O2,3,1383,203
20181018,glycerol,37,O2,3,1399,210
20181018,glycerol,37,O2,3,1395,217
20181018,glycerol,37,O2,3,1417,224
20181018,glycerol,37,O2,3,1393,231
20181018,glycerol,37,O2,3,1385,238
20181018,glycerol,37,O2,3,1394,245
20181018,glycerol,37,O2,3,1379,252
20181018,glycerol,37,O2,3,1357,259
20181018,glycerol,37,O2,3,1362,266
20181018,glycerol,37,O2,3,1381,273
20181018,glycerol,37,O2,3,1401,280
20181018,glycerol,37,O2,3,1420,287
20181018,glycerol,37,O2,3,1483,294
20181018,glycerol,37,O2,3,1569,301
20181018,glycerol,37,O2,3,1636,308
20181018,glycerol,37,O2,3,1725,315
20181018,glycerol,37,O2,3,1795,322
20181018,glycerol,37,O2,3,1855,329
20181018,glycerol,37,O2,3,1930,336
20181018,glycerol,37,O2,3,1984,343
20181018,glycerol,37,O2,3,2033,350
20181018,glycerol,37,O2,3,2054,357
20181018,glycerol,37,O2,3,2074,364
20181018,glycerol,37,O2,3,2116,371
20181018,glycerol,37,O2,3,2159,378
20181018,glycerol,37,O2,3,2243,385
20181018,glycerol,37,O2,3,2373,392
20181018,glycerol,37,O2,3,2558,399
20181018,glycerol,37,O2,3,2549,406
20181018,glycerol,37,O2,3,2688,413
20181018,glycerol,37,O2,3,2772,420
20181018,glycerol,37,O2,3,2920,427
20181018,glycerol,37,O2,3,2926,434
20181018,glycerol,37,O2,3,3070,441
20181018,glycerol,37,O2,3,3133,448
20181018,glycerol,37,O2,3,3221,455
20181018,glycerol,37,O2,3,3257,462
20181018,glycerol,37,O2,3,3366,469
20181018,glycerol,37,O2,3,3489,476
20181018,glycerol,37,O2,4,605,7
20181018,glycerol,37,O2,4,641,14
20181018,glycerol,37,O2,4,657,21
20181018,glycerol,37,O2,4,688,28
20181018,glycerol,37,O2,4,714,35
20181018,glycerol,37,O2,4,733,42
20181018,glycerol,37,O2,4,759,49
20181018,glycerol,37,O2,4,765,56
20181018,glycerol,37,O2,4,773,63
20181018,glycerol,37,O2,4,809,70
20181018,glycerol,37,O2,4,838,77
20181018,glycerol,37,O2,4,861,84
20181018,glycerol,37,O2,4,890,91
20181018,glycerol,37,O2,4,909,98
20181018,glycerol,37,O2,4,945,105
20181018,glycerol,37,O2,4,958,112
20181018,glycerol,37,O2,4,964,119
20181018,glycerol,37,O2,4,996,126
20181018,glycerol,37,O2,4,1025,133
20181018,glycerol,37,O2,4,1057,140
20181018,glycerol,37,O2,4,1061,147
20181018,glycerol,37,O2,4,1098,154
20181018,glycerol,37,O2,4,1109,161
20181018,glycerol,37,O2,4,1154,168
20181018,glycerol,37,O2,4,1201,175
20181018,glycerol,37,O2,4,1236,182
20181018,glycerol,37,O2,4,1287,189
20181018,glycerol,37,O2,4,1372,196
20181018,glycerol,37,O2,4,1458,203
20181018,glycerol,37,O2,4,1537,210
20181018,glycerol,37,O2,4,1644,217
20181018,glycerol,37,O2,4,1724,224
20181018,glycerol,37,O2,4,1812,231
20181018,glycerol,37,O2,4,1906,238
20181018,glycerol,37,O2,4,1996,245
20181018,glycerol,37,O2,4,2075,252
20181018,glycerol,37,O2,4,2159,259
20181018,glycerol,37,O2,4,2229,266
20181018,glycerol,37,O2,4,2337,273
20181018,glycerol,37,O2,4,2440,280
20181018,glycerol,37,O2,4,2560,287
20181018,glycerol,37,O2,4,2723,294
20181018,glycerol,37,O2,4,2882,301
20181018,glycerol,37,O2,4,3022,308
20181018,glycerol,37,O2,4,3191,315
20181018,glycerol,37,O2,4,3329,322
20181018,glycerol,37,O2,4,3522,329
20181018,glycerol,37,O2,4,3690,336
20181018,glycerol,37,O2,4,3905,343
20181018,glycerol,37,O2,4,4109,350
20181018,glycerol,37,O2,4,4341,357
20181018,glycerol,37,O2,4,4551,364
20181018,glycerol,37,O2,4,4789,371
20181018,glycerol,37,O2,4,4991,378
20181018,glycerol,37,O2,4,5221,385
20181018,glycerol,37,O2,4,5500,392
20181018,glycerol,37,O2,4,5829,399
20181018,glycerol,37,O2,4,5904,406
20181018,glycerol,37,O2,4,6140,413
20181018,glycerol,37,O2,4,6321,420
20181018,glycerol,37,O2,4,6607,427
20181018,glycerol,37,O2,4,6705,434
20181018,glycerol,37,O2,4,7026,441
20181018,glycerol,37,O2,4,7298,448
20181018,glycerol,37,O2,4,7635,455
20181018,glycerol,37,O2,4,7857,462
20181018,glycerol,37,O2,4,8290,469
20181018,glycerol,37,O2,4,8597,476
20181018,glycerol,37,O2,5,496,7
20181018,glycerol,37,O2,5,522,14
20181018,glycerol,37,O2,5,551,21
20181018,glycerol,37,O2,5,560,28
20181018,glycerol,37,O2,5,583,35
20181018,glycerol,37,O2,5,596,42
20181018,glycerol,37,O2,5,614,49
20181018,glycerol,37,O2,5,640,56
20181018,glycerol,37,O2,5,682,63
20181018,glycerol,37,O2,5,728,70
20181018,glycerol,37,O2,5,765,77
20181018,glycerol,37,O2,5,832,84
20181018,glycerol,37,O2,5,884,91
20181018,glycerol,37,O2,5,943,98
20181018,glycerol,37,O2,5,985,105
20181018,glycerol,37,O2,5,1031,112
20181018,glycerol,37,O2,5,1046,119
20181018,glycerol,37,O2,5,1101,126
20181018,glycerol,37,O2,5,1129,133
20181018,glycerol,37,O2,5,1178,140
20181018,glycerol,37,O2,5,1230,147
20181018,glycerol,37,O2,5,1273,154
20181018,glycerol,37,O2,5,1332,161
20181018,glycerol,37,O2,5,1391,168
20181018,glycerol,37,O2,5,1477,175
20181018,glycerol,37,O2,5,1513,182
20181018,glycerol,37,O2,5,1545,189
20181018,glycerol,37,O2,5,1600,196
20181018,glycerol,37,O2,5,1655,203
20181018,glycerol,37,O2,5,1722,210
20181018,glycerol,37,O2,5,1774,217
20181018,glycerol,37,O2,5,1804,224
20181018,glycerol,37,O2,5,1849,231
20181018,glycerol,37,O2,5,1918,238
20181018,glycerol,37,O2,5,2002,245
20181018,glycerol,37,O2,5,2076,252
20181018,glycerol,37,O2,5,2123,259
20181018,glycerol,37,O2,5,2198,266
20181018,glycerol,37,O2,5,2288,273
20181018,glycerol,37,O2,5,2384,280
20181018,glycerol,37,O2,5,2488,287
20181018,glycerol,37,O2,5,2591,294
20181018,glycerol,37,O2,5,2687,301
20181018,glycerol,37,O2,5,2788,308
20181018,glycerol,37,O2,5,2885,315
20181018,glycerol,37,O2,5,3018,322
20181018,glycerol,37,O2,5,3129,329
20181018,glycerol,37,O2,5,3239,336
20181018,glycerol,37,O2,5,3325,343
20181018,glycerol,37,O2,5,3427,350
20181018,glycerol,37,O2,5,3497,357
20181018,glycerol,37,O2,5,3563,364
20181018,glycerol,37,O2,5,3705,371
20181018,glycerol,37,O2,5,3843,378
20181018,glycerol,37,O2,5,3981,385
20181018,glycerol,37,O2,5,4191,392
20181018,glycerol,37,O2,5,4416,399
20181018,glycerol,37,O2,5,4454,406
20181018,glycerol,37,O2,5,4630,413
20181018,glycerol,37,O2,5,4772,420
20181018,glycerol,37,O2,5,5040,427
20181018,glycerol,37,O2,5,5137,434
20181018,glycerol,37,O2,5,5352,441
20181018,glycerol,37,O2,5,5572,448
20181018,glycerol,37,O2,5,5763,455
20181018,glycerol,37,O2,5,5873,462
20181018,glycerol,37,O2,5,6120,469
20181018,glycerol,37,O2,5,6331,476
20181018,glycerol,37,O2,6,576,7
20181018,glycerol,37,O2,6,569,14
20181018,glycerol,37,O2,6,578,21
20181018,glycerol,37,O2,6,568,28
20181018,glycerol,37,O2,6,572,35
20181018,glycerol,37,O2,6,564,42
20181018,glycerol,37,O2,6,587,49
20181018,glycerol,37,O2,6,572,56
20181018,glycerol,37,O2,6,586,63
20181018,glycerol,37,O2,6,595,70
20181018,glycerol,37,O2,6,592,77
20181018,glycerol,37,O2,6,596,84
20181018,glycerol,37,O2,6,612,91
20181018,glycerol,37,O2,6,601,98
20181018,glycerol,37,O2,6,633,105
20181018,glycerol,37,O2,6,665,112
20181018,glycerol,37,O2,6,688,119
20181018,glycerol,37,O2,6,713,126
20181018,glycerol,37,O2,6,787,133
20181018,glycerol,37,O2,6,862,140
20181018,glycerol,37,O2,6,903,147
20181018,glycerol,37,O2,6,952,154
20181018,glycerol,37,O2,6,998,161
20181018,glycerol,37,O2,6,1028,168
20181018,glycerol,37,O2,6,1093,175
20181018,glycerol,37,O2,6,1178,182
20181018,glycerol,37,O2,6,1269,189
20181018,glycerol,37,O2,6,1364,196
20181018,glycerol,37,O2,6,1425,203
20181018,glycerol,37,O2,6,1509,210
20181018,glycerol,37,O2,6,1610,217
20181018,glycerol,37,O2,6,1700,224
20181018,glycerol,37,O2,6,1803,231
20181018,glycerol,37,O2,6,1924,238
20181018,glycerol,37,O2,6,2036,245
20181018,glycerol,37,O2,6,2134,252
20181018,glycerol,37,O2,6,2199,259
20181018,glycerol,37,O2,6,2305,266
20181018,glycerol,37,O2,6,2387,273
20181018,glycerol,37,O2,6,2504,280
20181018,glycerol,37,O2,6,2621,287
20181018,glycerol,37,O2,6,2744,294
20181018,glycerol,37,O2,6,2846,301
20181018,glycerol,37,O2,6,2951,308
20181018,glycerol,37,O2,6,3089,315
20181018,glycerol,37,O2,6,3270,322
20181018,glycerol,37,O2,6,3455,329
20181018,glycerol,37,O2,6,3624,336
20181018,glycerol,37,O2,6,3789,343
20181018,glycerol,37,O2,6,3993,350
20181018,glycerol,37,O2,6,4163,357
20181018,glycerol,37,O2,6,4343,364
20181018,glycerol,37,O2,6,4542,371
20181018,glycerol,37,O2,6,4745,378
20181018,glycerol,37,O2,6,4942,385
20181018,glycerol,37,O2,6,5174,392
20181018,glycerol,37,O2,6,5515,399
20181018,glycerol,37,O2,6,5689,406
20181018,glycerol,37,O2,6,5960,413
20181018,glycerol,37,O2,6,6259,420
20181018,glycerol,37,O2,6,6597,427
20181018,glycerol,37,O2,6,6749,434
20181018,glycerol,37,O2,6,7082,441
20181018,glycerol,37,O2,6,7379,448
20181018,glycerol,37,O2,6,7642,455
20181018,glycerol,37,O2,6,7817,462
20181018,glycerol,37,O2,6,8081,469
20181018,glycerol,37,O2,6,8401,476
20181018,glycerol,37,O2,7,370,7
20181018,glycerol,37,O2,7,383,14
20181018,glycerol,37,O2,7,396,21
20181018,glycerol,37,O2,7,409,28
20181018,glycerol,37,O2,7,440,35
20181018,glycerol,37,O2,7,478,42
20181018,glycerol,37,O2,7,525,49
20181018,glycerol,37,O2,7,563,56
20181018,glycerol,37,O2,7,594,63
20181018,glycerol,37,O2,7,622,70
20181018,glycerol,37,O2,7,673,77
20181018,glycerol,37,O2,7,738,84
20181018,glycerol,37,O2,7,844,91
20181018,glycerol,37,O2,7,933,98
20181018,glycerol,37,O2,7,1017,105
20181018,glycerol,37,O2,7,1090,112
20181018,glycerol,37,O2,7,1153,119
20181018,glycerol,37,O2,7,1203,126
20181018,glycerol,37,O2,7,1253,133
20181018,glycerol,37,O2,7,1293,140
20181018,glycerol,37,O2,7,1351,147
20181018,glycerol,37,O2,7,1412,154
20181018,glycerol,37,O2,7,1468,161
20181018,glycerol,37,O2,7,1532,168
20181018,glycerol,37,O2,7,1614,175
20181018,glycerol,37,O2,7,1691,182
20181018,glycerol,37,O2,7,1779,189
20181018,glycerol,37,O2,7,1860,196
20181018,glycerol,37,O2,7,1950,203
20181018,glycerol,37,O2,7,2023,210
20181018,glycerol,37,O2,7,2149,217
20181018,glycerol,37,O2,7,2248,224
20181018,glycerol,37,O2,7,2346,231
20181018,glycerol,37,O2,7,2459,238
20181018,glycerol,37,O2,7,2605,245
20181018,glycerol,37,O2,7,2794,252
20181018,glycerol,37,O2,7,2954,259
20181018,glycerol,37,O2,7,3129,266
20181018,glycerol,37,O2,7,3310,273
20181018,glycerol,37,O2,7,3469,280
20181018,glycerol,37,O2,7,3652,287
20181018,glycerol,37,O2,7,3864,294
20181018,glycerol,37,O2,7,4081,301
20181018,glycerol,37,O2,7,4316,308
20181018,glycerol,37,O2,7,4545,315
20181018,glycerol,37,O2,7,4796,322
20181018,glycerol,37,O2,7,4992,329
20181018,glycerol,37,O2,7,5138,336
20181018,glycerol,37,O2,7,5390,343
20181018,glycerol,37,O2,7,5621,350
20181018,glycerol,37,O2,7,5853,357
20181018,glycerol,37,O2,7,6044,364
20181018,glycerol,37,O2,7,6313,371
20181018,glycerol,37,O2,7,6599,378
20181018,glycerol,37,O2,7,6897,385
20181018,glycerol,37,O2,7,7176,392
20181018,glycerol,37,O2,7,7627,399
20181018,glycerol,37,O2,7,7812,406
20181018,glycerol,37,O2,7,8186,413
20181018,glycerol,37,O2,7,8541,420
20181018,glycerol,37,O2,7,8962,427
20181018,glycerol,37,O2,7,9376,434
20181018,glycerol,37,O2,7,9674,441
20181018,glycerol,37,O2,7,10131,448
20181018,glycerol,37,O2,7,10457,455
20181018,glycerol,37,O2,7,10891,462
20181018,glycerol,37,O2,7,11328,469
20181018,glycerol,37,O2,7,11855,476
20181018,glycerol,37,O2,8,1030,7
20181018,glycerol,37,O2,8,1025,14
20181018,glycerol,37,O2,8,1033,21
20181018,glycerol,37,O2,8,1043,28
20181018,glycerol,37,O2,8,1064,35
20181018,glycerol,37,O2,8,1075,42
20181018,glycerol,37,O2,8,1091,49
20181018,glycerol,37,O2,8,1111,56
20181018,glycerol,37,O2,8,1115,63
20181018,glycerol,37,O2,8,1123,70
20181018,glycerol,37,O2,8,1153,77
20181018,glycerol,37,O2,8,1166,84
20181018,glycerol,37,O2,8,1172,91
20181018,glycerol,37,O2,8,1177,98
20181018,glycerol,37,O2,8,1185,105
20181018,glycerol,37,O2,8,1202,112
20181018,glycerol,37,O2,8,1212,119
20181018,glycerol,37,O2,8,1253,126
20181018,glycerol,37,O2,8,1240,133
20181018,glycerol,37,O2,8,1255,140
20181018,glycerol,37,O2,8,1294,147
20181018,glycerol,37,O2,8,1314,154
20181018,glycerol,37,O2,8,1332,161
20181018,glycerol,37,O2,8,1360,168
20181018,glycerol,37,O2,8,1366,175
20181018,glycerol,37,O2,8,1387,182
20181018,glycerol,37,O2,8,1389,189
20181018,glycerol,37,O2,8,1419,196
20181018,glycerol,37,O2,8,1399,203
20181018,glycerol,37,O2,8,1422,210
20181018,glycerol,37,O2,8,1425,217
20181018,glycerol,37,O2,8,1432,224
20181018,glycerol,37,O2,8,1453,231
20181018,glycerol,37,O2,8,1451,238
20181018,glycerol,37,O2,8,1467,245
20181018,glycerol,37,O2,8,1493,252
20181018,glycerol,37,O2,8,1525,259
20181018,glycerol,37,O2,8,1574,266
20181018,glycerol,37,O2,8,1578,273
20181018,glycerol,37,O2,8,1632,280
20181018,glycerol,37,O2,8,1690,287
20181018,glycerol,37,O2,8,1744,294
20181018,glycerol,37,O2,8,1784,301
20181018,glycerol,37,O2,8,1870,308
20181018,glycerol,37,O2,8,1936,315
20181018,glycerol,37,O2,8,1992,322
20181018,glycerol,37,O2,8,2088,329
20181018,glycerol,37,O2,8,2180,336
20181018,glycerol,37,O2,8,2254,343
20181018,glycerol,37,O2,8,2328,350
20181018,glycerol,37,O2,8,2404,357
20181018,glycerol,37,O2,8,2462,364
20181018,glycerol,37,O2,8,2553,371
20181018,glycerol,37,O2,8,2667,378
20181018,glycerol,37,O2,8,2807,385
20181018,glycerol,37,O2,8,2904,392
20181018,glycerol,37,O2,8,3110,399
20181018,glycerol,37,O2,8,3146,406
20181018,glycerol,37,O2,8,3238,413
20181018,glycerol,37,O2,8,3404,420
20181018,glycerol,37,O2,8,3524,427
20181018,glycerol,37,O2,8,3667,434
20181018,glycerol,37,O2,8,3782,441
20181018,glycerol,37,O2,8,3906,448
20181018,glycerol,37,O2,8,3976,455
20181018,glycerol,37,O2,8,4109,462
20181018,glycerol,37,O2,8,4185,469
20181018,glycerol,37,O2,8,4293,476
20181018,glycerol,37,O2,9,469,7
20181018,glycerol,37,O2,9,484,14
20181018,glycerol,37,O2,9,495,21
20181018,glycerol,37,O2,9,506,28
20181018,glycerol,37,O2,9,529,35
20181018,glycerol,37,O2,9,562,42
20181018,glycerol,37,O2,9,589,49
20181018,glycerol,37,O2,9,609,56
20181018,glycerol,37,O2,9,632,63
20181018,glycerol,37,O2,9,655,70
20181018,glycerol,37,O2,9,665,77
20181018,glycerol,37,O2,9,672,84
20181018,glycerol,37,O2,9,680,91
20181018,glycerol,37,O2,9,701,98
20181018,glycerol,37,O2,9,711,105
20181018,glycerol,37,O2,9,729,112
20181018,glycerol,37,O2,9,737,119
20181018,glycerol,37,O2,9,752,126
20181018,glycerol,37,O2,9,766,133
20181018,glycerol,37,O2,9,780,140
20181018,glycerol,37,O2,9,806,147
20181018,glycerol,37,O2,9,831,154
20181018,glycerol,37,O2,9,844,161
20181018,glycerol,37,O2,9,846,168
20181018,glycerol,37,O2,9,865,175
20181018,glycerol,37,O2,9,898,182
20181018,glycerol,37,O2,9,926,189
20181018,glycerol,37,O2,9,946,196
20181018,glycerol,37,O2,9,1001,203
20181018,glycerol,37,O2,9,1029,210
20181018,glycerol,37,O2,9,1072,217
20181018,glycerol,37,O2,9,1102,224
20181018,glycerol,37,O2,9,1146,231
20181018,glycerol,37,O2,9,1207,238
20181018,glycerol,37,O2,9,1272,245
20181018,glycerol,37,O2,9,1301,252
20181018,glycerol,37,O2,9,1345,259
20181018,glycerol,37,O2,9,1369,266
20181018,glycerol,37,O2,9,1446,273
20181018,glycerol,37,O2,9,1453,280
20181018,glycerol,37,O2,9,1476,287
20181018,glycerol,37,O2,9,1523,294
20181018,glycerol,37,O2,9,1526,301
20181018,glycerol,37,O2,9,1576,308
20181018,glycerol,37,O2,9,1600,315
20181018,glycerol,37,O2,9,1655,322
20181018,glycerol,37,O2,9,1684,329
20181018,glycerol,37,O2,9,1692,336
20181018,glycerol,37,O2,9,1721,343
20181018,glycerol,37,O2,9,1802,350
20181018,glycerol,37,O2,9,1814,357
20181018,glycerol,37,O2,9,1849,364
20181018,glycerol,37,O2,9,1885,371
20181018,glycerol,37,O2,9,1899,378
20181018,glycerol,37,O2,9,1948,385
20181018,glycerol,37,O2,9,1950,392
20181018,glycerol,37,O2,9,2064,399
20181018,glycerol,37,O2,9,2002,406
20181018,glycerol,37,O2,9,2005,413
20181018,glycerol,37,O2,9,2026,420
20181018,glycerol,37,O2,9,2102,427
20181018,glycerol,37,O2,9,2102,434
20181018,glycerol,37,O2,9,2163,441
20181018,glycerol,37,O2,9,2192,448
20181018,glycerol,37,O2,9,2229,455
20181018,glycerol,37,O2,9,2278,462
20181018,glycerol,37,O2,9,2347,469
20181018,glycerol,37,O2,9,2409,476
20181018,glycerol,37,O2,10,748,7
20181018,glycerol,37,O2,10,750,14
20181018,glycerol,37,O2,10,763,21
20181018,glycerol,37,O2,10,785,28
20181018,glycerol,37,O2,10,829,35
20181018,glycerol,37,O2,10,843,42
20181018,glycerol,37,O2,10,878,49
20181018,glycerol,37,O2,10,894,56
20181018,glycerol,37,O2,10,925,63
20181018,glycerol,37,O2,10,934,70
20181018,glycerol,37,O2,10,963,77
20181018,glycerol,37,O2,10,974,84
20181018,glycerol,37,O2,10,1007,91
20181018,glycerol,37,O2,10,1033,98
20181018,glycerol,37,O2,10,1052,105
20181018,glycerol,37,O2,10,1119,112
20181018,glycerol,37,O2,10,1186,119
20181018,glycerol,37,O2,10,1261,126
20181018,glycerol,37,O2,10,1375,133
20181018,glycerol,37,O2,10,1493,140
20181018,glycerol,37,O2,10,1620,147
20181018,glycerol,37,O2,10,1697,154
20181018,glycerol,37,O2,10,1798,161
20181018,glycerol,37,O2,10,1868,168
20181018,glycerol,37,O2,10,1982,175
20181018,glycerol,37,O2,10,2103,182
20181018,glycerol,37,O2,10,2232,189
20181018,glycerol,37,O2,10,2351,196
20181018,glycerol,37,O2,10,2458,203
20181018,glycerol,37,O2,10,2591,210
20181018,glycerol,37,O2,10,2728,217
20181018,glycerol,37,O2,10,2834,224
20181018,glycerol,37,O2,10,2945,231
20181018,glycerol,37,O2,10,3066,238
20181018,glycerol,37,O2,10,3178,245
20181018,glycerol,37,O2,10,3299,252
20181018,glycerol,37,O2,10,3400,259
20181018,glycerol,37,O2,10,3534,266
20181018,glycerol,37,O2,10,3642,273
20181018,glycerol,37,O2,10,3745,280
20181018,glycerol,37,O2,10,3912,287
20181018,glycerol,37,O2,10,4066,294
20181018,glycerol,37,O2,10,4235,301
20181018,glycerol,37,O2,10,4434,308
20181018,glycerol,37,O2,10,4632,315
20181018,glycerol,37,O2,10,4775,322
20181018,glycerol,37,O2,10,4947,329
20181018,glycerol,37,O2,10,5108,336
20181018,glycerol,37,O2,10,5270,343
20181018,glycerol,37,O2,10,5443,350
20181018,glycerol,37,O2,10,5666,357
20181018,glycerol,37,O2,10,5874,364
20181018,glycerol,37,O2,10,6105,371
20181018,glycerol,37,O2,10,6351,378
20181018,glycerol,37,O2,10,6640,385
20181018,glycerol,37,O2,10,6959,392
20181018,glycerol,37,O2,10,7396,399
20181018,glycerol,37,O2,10,7573,406
20181018,glycerol,37,O2,10,7871,413
20181018,glycerol,37,O2,10,8178,420
20181018,glycerol,37,O2,10,8508,427
20181018,glycerol,37,O2,10,8904,434
20181018,glycerol,37,O2,10,9213,441
20181018,glycerol,37,O2,10,9668,448
20181018,glycerol,37,O2,10,9952,455
20181018,glycerol,37,O2,10,10438,462
20181018,glycerol,37,O2,10,10844,469
20181018,glycerol,37,O2,10,11307,476
20181018,glycerol,37,O2,11,1244,7
20181018,glycerol,37,O2,11,1281,14
20181018,glycerol,37,O2,11,1295,21
20181018,glycerol,37,O2,11,1312,28
20181018,glycerol,37,O2,11,1342,35
20181018,glycerol,37,O2,11,1360,42
20181018,glycerol,37,O2,11,1377,49
20181018,glycerol,37,O2,11,1402,56
20181018,glycerol,37,O2,11,1455,63
20181018,glycerol,37,O2,11,1491,70
20181018,glycerol,37,O2,11,1543,77
20181018,glycerol,37,O2,11,1610,84
20181018,glycerol,37,O2,11,1671,91
20181018,glycerol,37,O2,11,1719,98
20181018,glycerol,37,O2,11,1771,105
20181018,glycerol,37,O2,11,1807,112
20181018,glycerol,37,O2,11,1871,119
20181018,glycerol,37,O2,11,1915,126
20181018,glycerol,37,O2,11,1973,133
20181018,glycerol,37,O2,11,2045,140
20181018,glycerol,37,O2,11,2119,147
20181018,glycerol,37,O2,11,2191,154
20181018,glycerol,37,O2,11,2244,161
20181018,glycerol,37,O2,11,2329,168
20181018,glycerol,37,O2,11,2414,175
20181018,glycerol,37,O2,11,2563,182
20181018,glycerol,37,O2,11,2672,189
20181018,glycerol,37,O2,11,2847,196
20181018,glycerol,37,O2,11,3001,203
20181018,glycerol,37,O2,11,3211,210
20181018,glycerol,37,O2,11,3426,217
20181018,glycerol,37,O2,11,3677,224
20181018,glycerol,37,O2,11,3920,231
20181018,glycerol,37,O2,11,4117,238
20181018,glycerol,37,O2,11,4329,245
20181018,glycerol,37,O2,11,4563,252
20181018,glycerol,37,O2,11,4789,259
20181018,glycerol,37,O2,11,4988,266
20181018,glycerol,37,O2,11,5209,273
20181018,glycerol,37,O2,11,5360,280
20181018,glycerol,37,O2,11,5513,287
20181018,glycerol,37,O2,11,5742,294
20181018,glycerol,37,O2,11,5905,301
20181018,glycerol,37,O2,11,6126,308
20181018,glycerol,37,O2,11,6397,315
20181018,glycerol,37,O2,11,6629,322
20181018,glycerol,37,O2,11,6936,329
20181018,glycerol,37,O2,11,7205,336
20181018,glycerol,37,O2,11,7506,343
20181018,glycerol,37,O2,11,7807,350
20181018,glycerol,37,O2,11,8122,357
20181018,glycerol,37,O2,11,8394,364
20181018,glycerol,37,O2,11,8688,371
20181018,glycerol,37,O2,11,8962,378
20181018,glycerol,37,O2,11,9227,385
20181018,glycerol,37,O2,11,9606,392
20181018,glycerol,37,O2,11,10105,399
20181018,glycerol,37,O2,11,10281,406
20181018,glycerol,37,O2,11,10662,413
20181018,glycerol,37,O2,11,11080,420
20181018,glycerol,37,O2,11,11515,427
20181018,glycerol,37,O2,11,11942,434
20181018,glycerol,37,O2,11,12334,441
20181018,glycerol,37,O2,11,13001,448
20181018,glycerol,37,O2,11,13301,455
20181018,glycerol,37,O2,11,13890,462
20181018,glycerol,37,O2,11,14360,469
20181018,glycerol,37,O2,11,14938,476
20181018,glycerol,37,O2,12,385,7
20181018,glycerol,37,O2,12,391,14
20181018,glycerol,37,O2,12,400,21
20181018,glycerol,37,O2,12,407,28
20181018,glycerol,37,O2,12,423,35
20181018,glycerol,37,O2,12,431,42
20181018,glycerol,37,O2,12,437,49
20181018,glycerol,37,O2,12,452,56
20181018,glycerol,37,O2,12,453,63
20181018,glycerol,37,O2,12,483,70
20181018,glycerol,37,O2,12,509,77
20181018,glycerol,37,O2,12,545,84
20181018,glycerol,37,O2,12,583,91
20181018,glycerol,37,O2,12,615,98
20181018,glycerol,37,O2,12,651,105
20181018,glycerol,37,O2,12,726,112
20181018,glycerol,37,O2,12,790,119
20181018,glycerol,37,O2,12,861,126
20181018,glycerol,37,O2,12,921,133
20181018,glycerol,37,O2,12,989,140
20181018,glycerol,37,O2,12,1024,147
20181018,glycerol,37,O2,12,1086,154
20181018,glycerol,37,O2,12,1172,161
20181018,glycerol,37,O2,12,1280,168
20181018,glycerol,37,O2,12,1440,175
20181018,glycerol,37,O2,12,1601,182
20181018,glycerol,37,O2,12,1751,189
20181018,glycerol,37,O2,12,1894,196
20181018,glycerol,37,O2,12,2033,203
20181018,glycerol,37,O2,12,2135,210
20181018,glycerol,37,O2,12,2264,217
20181018,glycerol,37,O2,12,2363,224
20181018,glycerol,37,O2,12,2446,231
20181018,glycerol,37,O2,12,2569,238
20181018,glycerol,37,O2,12,2695,245
20181018,glycerol,37,O2,12,2863,252
20181018,glycerol,37,O2,12,3036,259
20181018,glycerol,37,O2,12,3172,266
20181018,glycerol,37,O2,12,3428,273
20181018,glycerol,37,O2,12,3632,280
20181018,glycerol,37,O2,12,3834,287
20181018,glycerol,37,O2,12,4062,294
20181018,glycerol,37,O2,12,4313,301
20181018,glycerol,37,O2,12,4561,308
20181018,glycerol,37,O2,12,4801,315
20181018,glycerol,37,O2,12,5038,322
20181018,glycerol,37,O2,12,5279,329
20181018,glycerol,37,O2,12,5482,336
20181018,glycerol,37,O2,12,5744,343
20181018,glycerol,37,O2,12,6001,350
20181018,glycerol,37,O2,12,6267,357
20181018,glycerol,37,O2,12,6577,364
20181018,glycerol,37,O2,12,6904,371
20181018,glycerol,37,O2,12,7257,378
20181018,glycerol,37,O2,12,7637,385
20181018,glycerol,37,O2,12,7927,392
20181018,glycerol,37,O2,12,8442,399
20181018,glycerol,37,O2,12,8551,406
20181018,glycerol,37,O2,12,8836,413
20181018,glycerol,37,O2,12,9133,420
20181018,glycerol,37,O2,12,9429,427
20181018,glycerol,37,O2,12,9721,434
20181018,glycerol,37,O2,12,10056,441
20181018,glycerol,37,O2,12,10509,448
20181018,glycerol,37,O2,12,10626,455
20181018,glycerol,37,O2,12,11117,462
20181018,glycerol,37,O2,12,11414,469
20181018,glycerol,37,O2,12,11840,476
20181018,glycerol,37,O2,13,349,7
20181018,glycerol,37,O2,13,361,14
20181018,glycerol,37,O2,13,370,21
20181018,glycerol,37,O2,13,383,28
20181018,glycerol,37,O2,13,401,35
20181018,glycerol,37,O2,13,424,42
20181018,glycerol,37,O2,13,450,49
20181018,glycerol,37,O2,13,485,56
20181018,glycerol,37,O2,13,528,63
20181018,glycerol,37,O2,13,562,70
20181018,glycerol,37,O2,13,573,77
20181018,glycerol,37,O2,13,596,84
20181018,glycerol,37,O2,13,608,91
20181018,glycerol,37,O2,13,641,98
20181018,glycerol,37,O2,13,653,105
20181018,glycerol,37,O2,13,693,112
20181018,glycerol,37,O2,13,727,119
20181018,glycerol,37,O2,13,740,126
20181018,glycerol,37,O2,13,763,133
20181018,glycerol,37,O2,13,778,140
20181018,glycerol,37,O2,13,792,147
20181018,glycerol,37,O2,13,799,154
20181018,glycerol,37,O2,13,829,161
20181018,glycerol,37,O2,13,838,168
20181018,glycerol,37,O2,13,851,175
20181018,glycerol,37,O2,13,879,182
20181018,glycerol,37,O2,13,887,189
20181018,glycerol,37,O2,13,907,196
20181018,glycerol,37,O2,13,915,203
20181018,glycerol,37,O2,13,927,210
20181018,glycerol,37,O2,13,940,217
20181018,glycerol,37,O2,13,940,224
20181018,glycerol,37,O2,13,948,231
20181018,glycerol,37,O2,13,971,238
20181018,glycerol,37,O2,13,979,245
20181018,glycerol,37,O2,13,987,252
20181018,glycerol,37,O2,13,1022,259
20181018,glycerol,37,O2,13,1041,266
20181018,glycerol,37,O2,13,1082,273
20181018,glycerol,37,O2,13,1115,280
20181018,glycerol,37,O2,13,1171,287
20181018,glycerol,37,O2,13,1215,294
20181018,glycerol,37,O2,13,1305,301
20181018,glycerol,37,O2,13,1394,308
20181018,glycerol,37,O2,13,1526,315
20181018,glycerol,37,O2,13,1628,322
20181018,glycerol,37,O2,13,1735,329
20181018,glycerol,37,O2,13,1826,336
20181018,glycerol,37,O2,13,1908,343
20181018,glycerol,37,O2,13,2034,350
20181018,glycerol,37,O2,13,2105,357
20181018,glycerol,37,O2,13,2208,364
20181018,glycerol,37,O2,13,2299,371
20181018,glycerol,37,O2,13,2386,378
20181018,glycerol,37,O2,13,2524,385
20181018,glycerol,37,O2,13,2632,392
20181018,glycerol,37,O2,13,2852,399
20181018,glycerol,37,O2,13,2863,406
20181018,glycerol,37,O2,13,2945,413
20181018,glycerol,37,O2,13,3067,420
20181018,glycerol,37,O2,13,3168,427
20181018,glycerol,37,O2,13,3267,434
20181018,glycerol,37,O2,13,3386,441
20181018,glycerol,37,O2,13,3606,448
20181018,glycerol,37,O2,13,3635,455
20181018,glycerol,37,O2,13,3837,462
20181018,glycerol,37,O2,13,3945,469
20181018,glycerol,37,O2,13,4069,476
20181018,glycerol,37,O2,14,355,7
20181018,glycerol,37,O2,14,378,14
20181018,glycerol,37,O2,14,397,21
20181018,glycerol,37,O2,14,418,28
20181018,glycerol,37,O2,14,435,35
20181018,glycerol,37,O2,14,459,42
20181018,glycerol,37,O2,14,486,49
20181018,glycerol,37,O2,14,495,56
20181018,glycerol,37,O2,14,509,63
20181018,glycerol,37,O2,14,504,70
20181018,glycerol,37,O2,14,517,77
20181018,glycerol,37,O2,14,545,84
20181018,glycerol,37,O2,14,570,91
20181018,glycerol,37,O2,14,623,98
20181018,glycerol,37,O2,14,675,105
20181018,glycerol,37,O2,14,719,112
20181018,glycerol,37,O2,14,774,119
20181018,glycerol,37,O2,14,831,126
20181018,glycerol,37,O2,14,919,133
20181018,glycerol,37,O2,14,973,140
20181018,glycerol,37,O2,14,1029,147
20181018,glycerol,37,O2,14,1056,154
20181018,glycerol,37,O2,14,1090,161
20181018,glycerol,37,O2,14,1134,168
20181018,glycerol,37,O2,14,1196,175
20181018,glycerol,37,O2,14,1293,182
20181018,glycerol,37,O2,14,1371,189
20181018,glycerol,37,O2,14,1460,196
20181018,glycerol,37,O2,14,1531,203
20181018,glycerol,37,O2,14,1632,210
20181018,glycerol,37,O2,14,1708,217
20181018,glycerol,37,O2,14,1768,224
20181018,glycerol,37,O2,14,1872,231
20181018,glycerol,37,O2,14,1939,238
20181018,glycerol,37,O2,14,2054,245
20181018,glycerol,37,O2,14,2063,252
20181018,glycerol,37,O2,14,2175,259
20181018,glycerol,37,O2,14,2297,266
20181018,glycerol,37,O2,14,2491,273
20181018,glycerol,37,O2,14,2674,280
20181018,glycerol,37,O2,14,2885,287
20181018,glycerol,37,O2,14,3044,294
20181018,glycerol,37,O2,14,3228,301
20181018,glycerol,37,O2,14,3380,308
20181018,glycerol,37,O2,14,3691,315
20181018,glycerol,37,O2,14,3907,322
20181018,glycerol,37,O2,14,4158,329
20181018,glycerol,37,O2,14,4365,336
20181018,glycerol,37,O2,14,4659,343
20181018,glycerol,37,O2,14,4919,350
20181018,glycerol,37,O2,14,5184,357
20181018,glycerol,37,O2,14,5391,364
20181018,glycerol,37,O2,14,5648,371
20181018,glycerol,37,O2,14,5914,378
20181018,glycerol,37,O2,14,6215,385
20181018,glycerol,37,O2,14,6442,392
20181018,glycerol,37,O2,14,6850,399
20181018,glycerol,37,O2,14,6949,406
20181018,glycerol,37,O2,14,7215,413
20181018,glycerol,37,O2,14,7459,420
20181018,glycerol,37,O2,14,7717,427
20181018,glycerol,37,O2,14,8012,434
20181018,glycerol,37,O2,14,8280,441
20181018,glycerol,37,O2,14,8649,448
20181018,glycerol,37,O2,14,8933,455
20181018,glycerol,37,O2,14,9355,462
20181018,glycerol,37,O2,14,9689,469
20181018,glycerol,37,O2,14,10104,476
20181018,glycerol,37,O2,15,523,7
20181018,glycerol,37,O2,15,552,14
20181018,glycerol,37,O2,15,574,21
20181018,glycerol,37,O2,15,600,28
20181018,glycerol,37,O2,15,605,35
20181018,glycerol,37,O2,15,615,42
20181018,glycerol,37,O2,15,635,49
20181018,glycerol,37,O2,15,693,56
20181018,glycerol,37,O2,15,761,63
20181018,glycerol,37,O2,15,826,70
20181018,glycerol,37,O2,15,888,77
20181018,glycerol,37,O2,15,948,84
20181018,glycerol,37,O2,15,1015,91
20181018,glycerol,37,O2,15,1080,98
20181018,glycerol,37,O2,15,1137,105
20181018,glycerol,37,O2,15,1216,112
20181018,glycerol,37,O2,15,1264,119
20181018,glycerol,37,O2,15,1325,126
20181018,glycerol,37,O2,15,1376,133
20181018,glycerol,37,O2,15,1441,140
20181018,glycerol,37,O2,15,1513,147
20181018,glycerol,37,O2,15,1614,154
20181018,glycerol,37,O2,15,1708,161
20181018,glycerol,37,O2,15,1800,168
20181018,glycerol,37,O2,15,1844,175
20181018,glycerol,37,O2,15,1913,182
20181018,glycerol,37,O2,15,1965,189
20181018,glycerol,37,O2,15,2030,196
20181018,glycerol,37,O2,15,2122,203
20181018,glycerol,37,O2,15,2185,210
20181018,glycerol,37,O2,15,2274,217
20181018,glycerol,37,O2,15,2351,224
20181018,glycerol,37,O2,15,2413,231
20181018,glycerol,37,O2,15,2526,238
20181018,glycerol,37,O2,15,2617,245
20181018,glycerol,37,O2,15,2725,252
20181018,glycerol,37,O2,15,2784,259
20181018,glycerol,37,O2,15,2880,266
20181018,glycerol,37,O2,15,2993,273
20181018,glycerol,37,O2,15,3122,280
20181018,glycerol,37,O2,15,3254,287
20181018,glycerol,37,O2,15,3387,294
20181018,glycerol,37,O2,15,3548,301
20181018,glycerol,37,O2,15,3743,308
20181018,glycerol,37,O2,15,3918,315
20181018,glycerol,37,O2,15,4132,322
20181018,glycerol,37,O2,15,4291,329
20181018,glycerol,37,O2,15,4488,336
20181018,glycerol,37,O2,15,4724,343
20181018,glycerol,37,O2,15,4918,350
20181018,glycerol,37,O2,15,5163,357
20181018,glycerol,37,O2,15,5419,364
20181018,glycerol,37,O2,15,5688,371
20181018,glycerol,37,O2,15,5918,378
20181018,glycerol,37,O2,15,6156,385
20181018,glycerol,37,O2,15,6348,392
20181018,glycerol,37,O2,15,6647,399
20181018,glycerol,37,O2,15,6786,406
20181018,glycerol,37,O2,15,6972,413
20181018,glycerol,37,O2,15,7201,420
20181018,glycerol,37,O2,15,7511,427
20181018,glycerol,37,O2,15,7726,434
20181018,glycerol,37,O2,15,8055,441
20181018,glycerol,37,O2,15,8430,448
20181018,glycerol,37,O2,15,8571,455
20181018,glycerol,37,O2,15,8864,462
20181018,glycerol,37,O2,15,9138,469
20181018,glycerol,37,O2,15,9467,476
20181018,glycerol,37,O2,16,418,7
20181018,glycerol,37,O2,16,442,14
20181018,glycerol,37,O2,16,470,21
20181018,glycerol,37,O2,16,489,28
20181018,glycerol,37,O2,16,526,35
20181018,glycerol,37,O2,16,543,42
20181018,glycerol,37,O2,16,586,49
20181018,glycerol,37,O2,16,637,56
20181018,glycerol,37,O2,16,721,63
20181018,glycerol,37,O2,16,805,70
20181018,glycerol,37,O2,16,886,77
20181018,glycerol,37,O2,16,963,84
20181018,glycerol,37,O2,16,1021,91
20181018,glycerol,37,O2,16,1042,98
20181018,glycerol,37,O2,16,1088,105
20181018,glycerol,37,O2,16,1148,112
20181018,glycerol,37,O2,16,1182,119
20181018,glycerol,37,O2,16,1235,126
20181018,glycerol,37,O2,16,1282,133
20181018,glycerol,37,O2,16,1340,140
20181018,glycerol,37,O2,16,1421,147
20181018,glycerol,37,O2,16,1525,154
20181018,glycerol,37,O2,16,1647,161
20181018,glycerol,37,O2,16,1791,168
20181018,glycerol,37,O2,16,1940,175
20181018,glycerol,37,O2,16,2105,182
20181018,glycerol,37,O2,16,2236,189
20181018,glycerol,37,O2,16,2323,196
20181018,glycerol,37,O2,16,2435,203
20181018,glycerol,37,O2,16,2477,210
20181018,glycerol,37,O2,16,2540,217
20181018,glycerol,37,O2,16,2586,224
20181018,glycerol,37,O2,16,2637,231
20181018,glycerol,37,O2,16,2716,238
20181018,glycerol,37,O2,16,2799,245
20181018,glycerol,37,O2,16,2888,252
20181018,glycerol,37,O2,16,2994,259
20181018,glycerol,37,O2,16,3098,266
20181018,glycerol,37,O2,16,3248,273
20181018,glycerol,37,O2,16,3407,280
20181018,glycerol,37,O2,16,3510,287
20181018,glycerol,37,O2,16,3638,294
20181018,glycerol,37,O2,16,3753,301
20181018,glycerol,37,O2,16,3874,308
20181018,glycerol,37,O2,16,4005,315
20181018,glycerol,37,O2,16,4140,322
20181018,glycerol,37,O2,16,4309,329
20181018,glycerol,37,O2,16,4412,336
20181018,glycerol,37,O2,16,4574,343
20181018,glycerol,37,O2,16,4736,350
20181018,glycerol,37,O2,16,4949,357
20181018,glycerol,37,O2,16,5135,364
20181018,glycerol,37,O2,16,5367,371
20181018,glycerol,37,O2,16,5576,378
20181018,glycerol,37,O2,16,5814,385
20181018,glycerol,37,O2,16,6083,392
20181018,glycerol,37,O2,16,6458,399
20181018,glycerol,37,O2,16,6695,406
20181018,glycerol,37,O2,16,7096,413
20181018,glycerol,37,O2,16,7450,420
20181018,glycerol,37,O2,16,7812,427
20181018,glycerol,37,O2,16,8151,434
20181018,glycerol,37,O2,16,8444,441
20181018,glycerol,37,O2,16,8836,448
20181018,glycerol,37,O2,16,8970,455
20181018,glycerol,37,O2,16,9369,462
20181018,glycerol,37,O2,16,9709,469
20181018,glycerol,37,O2,16,10093,476
20181018,glycerol,37,O2,17,869,7
20181018,glycerol,37,O2,17,888,14
20181018,glycerol,37,O2,17,914,21
20181018,glycerol,37,O2,17,934,28
20181018,glycerol,37,O2,17,988,35
20181018,glycerol,37,O2,17,1055,42
20181018,glycerol,37,O2,17,1093,49
20181018,glycerol,37,O2,17,1156,56
20181018,glycerol,37,O2,17,1227,63
20181018,glycerol,37,O2,17,1287,70
20181018,glycerol,37,O2,17,1329,77
20181018,glycerol,37,O2,17,1388,84
20181018,glycerol,37,O2,17,1453,91
20181018,glycerol,37,O2,17,1489,98
20181018,glycerol,37,O2,17,1540,105
20181018,glycerol,37,O2,17,1585,112
20181018,glycerol,37,O2,17,1663,119
20181018,glycerol,37,O2,17,1743,126
20181018,glycerol,37,O2,17,1843,133
20181018,glycerol,37,O2,17,1917,140
20181018,glycerol,37,O2,17,2031,147
20181018,glycerol,37,O2,17,2136,154
20181018,glycerol,37,O2,17,2216,161
20181018,glycerol,37,O2,17,2320,168
20181018,glycerol,37,O2,17,2427,175
20181018,glycerol,37,O2,17,2548,182
20181018,glycerol,37,O2,17,2700,189
20181018,glycerol,37,O2,17,2811,196
20181018,glycerol,37,O2,17,2947,203
20181018,glycerol,37,O2,17,3153,210
20181018,glycerol,37,O2,17,3266,217
20181018,glycerol,37,O2,17,3437,224
20181018,glycerol,37,O2,17,3619,231
20181018,glycerol,37,O2,17,3779,238
20181018,glycerol,37,O2,17,3948,245
20181018,glycerol,37,O2,17,4136,252
20181018,glycerol,37,O2,17,4325,259
20181018,glycerol,37,O2,17,4539,266
20181018,glycerol,37,O2,17,4732,273
20181018,glycerol,37,O2,17,4898,280
20181018,glycerol,37,O2,17,5082,287
20181018,glycerol,37,O2,17,5233,294
20181018,glycerol,37,O2,17,5412,301
20181018,glycerol,37,O2,17,5578,308
20181018,glycerol,37,O2,17,5800,315
20181018,glycerol,37,O2,17,6016,322
20181018,glycerol,37,O2,17,6245,329
20181018,glycerol,37,O2,17,6502,336
20181018,glycerol,37,O2,17,6714,343
20181018,glycerol,37,O2,17,6898,350
20181018,glycerol,37,O2,17,7153,357
20181018,glycerol,37,O2,17,7407,364
20181018,glycerol,37,O2,17,7656,371
20181018,glycerol,37,O2,17,7771,378
20181018,glycerol,37,O2,17,8169,385
20181018,glycerol,37,O2,17,8379,392
20181018,glycerol,37,O2,17,8712,399
20181018,glycerol,37,O2,17,9002,406
20181018,glycerol,37,O2,17,9364,413
20181018,glycerol,37,O2,17,9455,420
20181018,glycerol,37,O2,17,9943,427
20181018,glycerol,37,O2,17,10264,434
20181018,glycerol,37,O2,17,10557,441
20181018,glycerol,37,O2,17,10852,448
20181018,glycerol,37,O2,17,11012,455
20181018,glycerol,37,O2,17,11325,462
20181018,glycerol,37,O2,17,11707,469
20181018,glycerol,37,O2,17,12245,476
20181018,glycerol,37,O2,18,431,7
20181018,glycerol,37,O2,18,459,14
20181018,glycerol,37,O2,18,465,21
20181018,glycerol,37,O2,18,484,28
20181018,glycerol,37,O2,18,500,35
20181018,glycerol,37,O2,18,505,42
20181018,glycerol,37,O2,18,532,49
20181018,glycerol,37,O2,18,521,56
20181018,glycerol,37,O2,18,538,63
20181018,glycerol,37,O2,18,569,70
20181018,glycerol,37,O2,18,564,77
20181018,glycerol,37,O2,18,592,84
20181018,glycerol,37,O2,18,606,91
20181018,glycerol,37,O2,18,606,98
20181018,glycerol,37,O2,18,619,105
20181018,glycerol,37,O2,18,651,112
20181018,glycerol,37,O2,18,696,119
20181018,glycerol,37,O2,18,716,126
20181018,glycerol,37,O2,18,735,133
20181018,glycerol,37,O2,18,748,140
20181018,glycerol,37,O2,18,794,147
20181018,glycerol,37,O2,18,814,154
20181018,glycerol,37,O2,18,843,161
20181018,glycerol,37,O2,18,865,168
20181018,glycerol,37,O2,18,890,175
20181018,glycerol,37,O2,18,922,182
20181018,glycerol,37,O2,18,945,189
20181018,glycerol,37,O2,18,958,196
20181018,glycerol,37,O2,18,995,203
20181018,glycerol,37,O2,18,1069,210
20181018,glycerol,37,O2,18,1170,217
20181018,glycerol,37,O2,18,1241,224
20181018,glycerol,37,O2,18,1328,231
20181018,glycerol,37,O2,18,1415,238
20181018,glycerol,37,O2,18,1509,245
20181018,glycerol,37,O2,18,1566,252
20181018,glycerol,37,O2,18,1613,259
20181018,glycerol,37,O2,18,1682,266
20181018,glycerol,37,O2,18,1757,273
20181018,glycerol,37,O2,18,1838,280
20181018,glycerol,37,O2,18,1932,287
20181018,glycerol,37,O2,18,1998,294
20181018,glycerol,37,O2,18,2075,301
20181018,glycerol,37,O2,18,2164,308
20181018,glycerol,37,O2,18,2235,315
20181018,glycerol,37,O2,18,2356,322
20181018,glycerol,37,O2,18,2435,329
20181018,glycerol,37,O2,18,2531,336
20181018,glycerol,37,O2,18,2645,343
20181018,glycerol,37,O2,18,2734,350
20181018,glycerol,37,O2,18,2862,357
20181018,glycerol,37,O2,18,3025,364
20181018,glycerol,37,O2,18,3152,371
20181018,glycerol,37,O2,18,3229,378
20181018,glycerol,37,O2,18,3343,385
20181018,glycerol,37,O2,18,3451,392
20181018,glycerol,37,O2,18,3553,399
20181018,glycerol,37,O2,18,3628,406
20181018,glycerol,37,O2,18,3779,413
20181018,glycerol,37,O2,18,3858,420
20181018,glycerol,37,O2,18,4020,427
20181018,glycerol,37,O2,18,4156,434
20181018,glycerol,37,O2,18,4259,441
20181018,glycerol,37,O2,18,4396,448
20181018,glycerol,37,O2,18,4427,455
20181018,glycerol,37,O2,18,4562,462
20181018,glycerol,37,O2,18,4947,469
20181018,glycerol,37,O2,18,5174,476
20181018,glycerol,37,O2,19,574,7
20181018,glycerol,37,O2,19,592,14
20181018,glycerol,37,O2,19,605,21
20181018,glycerol,37,O2,19,642,28
20181018,glycerol,37,O2,19,662,35
20181018,glycerol,37,O2,19,683,42
20181018,glycerol,37,O2,19,732,49
20181018,glycerol,37,O2,19,803,56
20181018,glycerol,37,O2,19,875,63
20181018,glycerol,37,O2,19,971,70
20181018,glycerol,37,O2,19,1007,77
20181018,glycerol,37,O2,19,1085,84
20181018,glycerol,37,O2,19,1172,91
20181018,glycerol,37,O2,19,1217,98
20181018,glycerol,37,O2,19,1280,105
20181018,glycerol,37,O2,19,1319,112
20181018,glycerol,37,O2,19,1378,119
20181018,glycerol,37,O2,19,1436,126
20181018,glycerol,37,O2,19,1493,133
20181018,glycerol,37,O2,19,1542,140
20181018,glycerol,37,O2,19,1618,147
20181018,glycerol,37,O2,19,1680,154
20181018,glycerol,37,O2,19,1742,161
20181018,glycerol,37,O2,19,1807,168
20181018,glycerol,37,O2,19,1883,175
20181018,glycerol,37,O2,19,1979,182
20181018,glycerol,37,O2,19,2069,189
20181018,glycerol,37,O2,19,2181,196
20181018,glycerol,37,O2,19,2241,203
20181018,glycerol,37,O2,19,2332,210
20181018,glycerol,37,O2,19,2392,217
20181018,glycerol,37,O2,19,2481,224
20181018,glycerol,37,O2,19,2562,231
20181018,glycerol,37,O2,19,2627,238
20181018,glycerol,37,O2,19,2714,245
20181018,glycerol,37,O2,19,2806,252
20181018,glycerol,37,O2,19,2931,259
20181018,glycerol,37,O2,19,3055,266
20181018,glycerol,37,O2,19,3123,273
20181018,glycerol,37,O2,19,3227,280
20181018,glycerol,37,O2,19,3362,287
20181018,glycerol,37,O2,19,3454,294
20181018,glycerol,37,O2,19,3531,301
20181018,glycerol,37,O2,19,3663,308
20181018,glycerol,37,O2,19,3829,315
20181018,glycerol,37,O2,19,3963,322
20181018,glycerol,37,O2,19,4094,329
20181018,glycerol,37,O2,19,4222,336
20181018,glycerol,37,O2,19,4380,343
20181018,glycerol,37,O2,19,4526,350
20181018,glycerol,37,O2,19,4694,357
20181018,glycerol,37,O2,19,4894,364
20181018,glycerol,37,O2,19,5138,371
20181018,glycerol,37,O2,19,5320,378
20181018,glycerol,37,O2,19,5606,385
20181018,glycerol,37,O2,19,5850,392
20181018,glycerol,37,O2,19,6113,399
20181018,glycerol,37,O2,19,6371,406
20181018,glycerol,37,O2,19,6621,413
20181018,glycerol,37,O2,19,6793,420
20181018,glycerol,37,O2,19,7067,427
20181018,glycerol,37,O2,19,7304,434
20181018,glycerol,37,O2,19,7582,441
20181018,glycerol,37,O2,19,7878,448
20181018,glycerol,37,O2,19,8119,455
20181018,glycerol,37,O2,19,8422,462
20181018,glycerol,37,O2,19,8858,469
20181018,glycerol,37,O2,19,9269,476
20181018,glycerol,37,O2,20,388,7
20181018,glycerol,37,O2,20,409,14
20181018,glycerol,37,O2,20,446,21
20181018,glycerol,37,O2,20,458,28
20181018,glycerol,37,O2,20,488,35
20181018,glycerol,37,O2,20,505,42
20181018,glycerol,37,O2,20,534,49
20181018,glycerol,37,O2,20,546,56
20181018,glycerol,37,O2,20,588,63
20181018,glycerol,37,O2,20,634,70
20181018,glycerol,37,O2,20,676,77
20181018,glycerol,37,O2,20,732,84
20181018,glycerol,37,O2,20,758,91
20181018,glycerol,37,O2,20,796,98
20181018,glycerol,37,O2,20,859,105
20181018,glycerol,37,O2,20,927,112
20181018,glycerol,37,O2,20,1001,119
20181018,glycerol,37,O2,20,1060,126
20181018,glycerol,37,O2,20,1094,133
20181018,glycerol,37,O2,20,1137,140
20181018,glycerol,37,O2,20,1167,147
20181018,glycerol,37,O2,20,1207,154
20181018,glycerol,37,O2,20,1251,161
20181018,glycerol,37,O2,20,1312,168
20181018,glycerol,37,O2,20,1362,175
20181018,glycerol,37,O2,20,1419,182
20181018,glycerol,37,O2,20,1477,189
20181018,glycerol,37,O2,20,1519,196
20181018,glycerol,37,O2,20,1567,203
20181018,glycerol,37,O2,20,1685,210
20181018,glycerol,37,O2,20,1769,217
20181018,glycerol,37,O2,20,1838,224
20181018,glycerol,37,O2,20,1883,231
20181018,glycerol,37,O2,20,1944,238
20181018,glycerol,37,O2,20,1989,245
20181018,glycerol,37,O2,20,2040,252
20181018,glycerol,37,O2,20,2088,259
20181018,glycerol,37,O2,20,2118,266
20181018,glycerol,37,O2,20,2176,273
20181018,glycerol,37,O2,20,2256,280
20181018,glycerol,37,O2,20,2287,287
20181018,glycerol,37,O2,20,2351,294
20181018,glycerol,37,O2,20,2434,301
20181018,glycerol,37,O2,20,2489,308
20181018,glycerol,37,O2,20,2556,315
20181018,glycerol,37,O2,20,2643,322
20181018,glycerol,37,O2,20,2713,329
20181018,glycerol,37,O2,20,2790,336
20181018,glycerol,37,O2,20,2854,343
20181018,glycerol,37,O2,20,2951,350
20181018,glycerol,37,O2,20,3055,357
20181018,glycerol,37,O2,20,3128,364
20181018,glycerol,37,O2,20,3218,371
20181018,glycerol,37,O2,20,3249,378
20181018,glycerol,37,O2,20,3340,385
20181018,glycerol,37,O2,20,3475,392
20181018,glycerol,37,O2,20,3608,399
20181018,glycerol,37,O2,20,3791,406
20181018,glycerol,37,O2,20,3919,413
20181018,glycerol,37,O2,20,4049,420
20181018,glycerol,37,O2,20,4170,427
20181018,glycerol,37,O2,20,4316,434
20181018,glycerol,37,O2,20,4459,441
20181018,glycerol,37,O2,20,4607,448
20181018,glycerol,37,O2,20,4672,455
20181018,glycerol,37,O2,20,4852,462
20181018,glycerol,37,O2,20,5108,469
20181018,glycerol,37,O2,20,5401,476
20181018,glycerol,37,O2,21,661,7
20181018,glycerol,37,O2,21,706,14
20181018,glycerol,37,O2,21,743,21
20181018,glycerol,37,O2,21,788,28
20181018,glycerol,37,O2,21,877,35
20181018,glycerol,37,O2,21,913,42
20181018,glycerol,37,O2,21,942,49
20181018,glycerol,37,O2,21,953,56
20181018,glycerol,37,O2,21,962,63
20181018,glycerol,37,O2,21,973,70
20181018,glycerol,37,O2,21,972,77
20181018,glycerol,37,O2,21,967,84
20181018,glycerol,37,O2,21,980,91
20181018,glycerol,37,O2,21,966,98
20181018,glycerol,37,O2,21,976,105
20181018,glycerol,37,O2,21,974,112
20181018,glycerol,37,O2,21,984,119
20181018,glycerol,37,O2,21,972,126
20181018,glycerol,37,O2,21,974,133
20181018,glycerol,37,O2,21,967,140
20181018,glycerol,37,O2,21,976,147
20181018,glycerol,37,O2,21,980,154
20181018,glycerol,37,O2,21,989,161
20181018,glycerol,37,O2,21,999,168
20181018,glycerol,37,O2,21,1003,175
20181018,glycerol,37,O2,21,1012,182
20181018,glycerol,37,O2,21,1027,189
20181018,glycerol,37,O2,21,1042,196
20181018,glycerol,37,O2,21,1064,203
20181018,glycerol,37,O2,21,1095,210
20181018,glycerol,37,O2,21,1118,217
20181018,glycerol,37,O2,21,1133,224
20181018,glycerol,37,O2,21,1149,231
20181018,glycerol,37,O2,21,1180,238
20181018,glycerol,37,O2,21,1205,245
20181018,glycerol,37,O2,21,1261,252
20181018,glycerol,37,O2,21,1339,259
20181018,glycerol,37,O2,21,1442,266
20181018,glycerol,37,O2,21,1509,273
20181018,glycerol,37,O2,21,1580,280
20181018,glycerol,37,O2,21,1654,287
20181018,glycerol,37,O2,21,1715,294
20181018,glycerol,37,O2,21,1761,301
20181018,glycerol,37,O2,21,1851,308
20181018,glycerol,37,O2,21,1911,315
20181018,glycerol,37,O2,21,2007,322
20181018,glycerol,37,O2,21,2072,329
20181018,glycerol,37,O2,21,2158,336
20181018,glycerol,37,O2,21,2230,343
20181018,glycerol,37,O2,21,2306,350
20181018,glycerol,37,O2,21,2398,357
20181018,glycerol,37,O2,21,2520,364
20181018,glycerol,37,O2,21,2638,371
20181018,glycerol,37,O2,21,2775,378
20181018,glycerol,37,O2,21,2936,385
20181018,glycerol,37,O2,21,3095,392
20181018,glycerol,37,O2,21,3205,399
20181018,glycerol,37,O2,21,3372,406
20181018,glycerol,37,O2,21,3482,413
20181018,glycerol,37,O2,21,3574,420
20181018,glycerol,37,O2,21,3674,427
20181018,glycerol,37,O2,21,3846,434
20181018,glycerol,37,O2,21,3953,441
20181018,glycerol,37,O2,21,4111,448
20181018,glycerol,37,O2,21,4170,455
20181018,glycerol,37,O2,21,4380,462
20181018,glycerol,37,O2,21,4787,469
20181018,glycerol,37,O2,21,5106,476
20181018,glycerol,37,O2,22,921,7
20181018,glycerol,37,O2,22,934,14
20181018,glycerol,37,O2,22,947,21
20181018,glycerol,37,O2,22,959,28
20181018,glycerol,37,O2,22,979,35
20181018,glycerol,37,O2,22,1004,42
20181018,glycerol,37,O2,22,1037,49
20181018,glycerol,37,O2,22,1068,56
20181018,glycerol,37,O2,22,1105,63
20181018,glycerol,37,O2,22,1138,70
20181018,glycerol,37,O2,22,1176,77
20181018,glycerol,37,O2,22,1212,84
20181018,glycerol,37,O2,22,1263,91
20181018,glycerol,37,O2,22,1299,98
20181018,glycerol,37,O2,22,1353,105
20181018,glycerol,37,O2,22,1405,112
20181018,glycerol,37,O2,22,1451,119
20181018,glycerol,37,O2,22,1522,126
20181018,glycerol,37,O2,22,1577,133
20181018,glycerol,37,O2,22,1635,140
20181018,glycerol,37,O2,22,1735,147
20181018,glycerol,37,O2,22,1835,154
20181018,glycerol,37,O2,22,1979,161
20181018,glycerol,37,O2,22,2093,168
20181018,glycerol,37,O2,22,2199,175
20181018,glycerol,37,O2,22,2304,182
20181018,glycerol,37,O2,22,2349,189
20181018,glycerol,37,O2,22,2454,196
20181018,glycerol,37,O2,22,2545,203
20181018,glycerol,37,O2,22,2646,210
20181018,glycerol,37,O2,22,2789,217
20181018,glycerol,37,O2,22,2946,224
20181018,glycerol,37,O2,22,3107,231
20181018,glycerol,37,O2,22,3274,238
20181018,glycerol,37,O2,22,3461,245
20181018,glycerol,37,O2,22,3611,252
20181018,glycerol,37,O2,22,3808,259
20181018,glycerol,37,O2,22,4013,266
20181018,glycerol,37,O2,22,4223,273
20181018,glycerol,37,O2,22,4459,280
20181018,glycerol,37,O2,22,4667,287
20181018,glycerol,37,O2,22,4901,294
20181018,glycerol,37,O2,22,5154,301
20181018,glycerol,37,O2,22,5372,308
20181018,glycerol,37,O2,22,5655,315
20181018,glycerol,37,O2,22,5859,322
20181018,glycerol,37,O2,22,6085,329
20181018,glycerol,37,O2,22,6308,336
20181018,glycerol,37,O2,22,6522,343
20181018,glycerol,37,O2,22,6748,350
20181018,glycerol,37,O2,22,6957,357
20181018,glycerol,37,O2,22,7195,364
20181018,glycerol,37,O2,22,7446,371
20181018,glycerol,37,O2,22,7586,378
20181018,glycerol,37,O2,22,7907,385
20181018,glycerol,37,O2,22,8184,392
20181018,glycerol,37,O2,22,8485,399
20181018,glycerol,37,O2,22,8777,406
20181018,glycerol,37,O2,22,9155,413
20181018,glycerol,37,O2,22,9330,420
20181018,glycerol,37,O2,22,9795,427
20181018,glycerol,37,O2,22,10133,434
20181018,glycerol,37,O2,22,10476,441
20181018,glycerol,37,O2,22,10870,448
20181018,glycerol,37,O2,22,11065,455
20181018,glycerol,37,O2,22,11414,462
20181018,glycerol,37,O2,22,11893,469
20181018,glycerol,37,O2,22,12364,476
20181018,glycerol,37,O2,23,334,7
20181018,glycerol,37,O2,23,350,14
20181018,glycerol,37,O2,23,366,21
20181018,glycerol,37,O2,23,378,28
20181018,glycerol,37,O2,23,401,35
20181018,glycerol,37,O2,23,410,42
20181018,glycerol,37,O2,23,443,49
20181018,glycerol,37,O2,23,458,56
20181018,glycerol,37,O2,23,482,63
20181018,glycerol,37,O2,23,487,70
20181018,glycerol,37,O2,23,482,77
20181018,glycerol,37,O2,23,491,84
20181018,glycerol,37,O2,23,512,91
20181018,glycerol,37,O2,23,519,98
20181018,glycerol,37,O2,23,550,105
20181018,glycerol,37,O2,23,578,112
20181018,glycerol,37,O2,23,633,119
20181018,glycerol,37,O2,23,705,126
20181018,glycerol,37,O2,23,768,133
20181018,glycerol,37,O2,23,840,140
20181018,glycerol,37,O2,23,902,147
20181018,glycerol,37,O2,23,967,154
20181018,glycerol,37,O2,23,1026,161
20181018,glycerol,37,O2,23,1063,168
20181018,glycerol,37,O2,23,1126,175
20181018,glycerol,37,O2,23,1178,182
20181018,glycerol,37,O2,23,1227,189
20181018,glycerol,37,O2,23,1265,196
20181018,glycerol,37,O2,23,1317,203
20181018,glycerol,37,O2,23,1388,210
20181018,glycerol,37,O2,23,1452,217
20181018,glycerol,37,O2,23,1499,224
20181018,glycerol,37,O2,23,1541,231
20181018,glycerol,37,O2,23,1608,238
20181018,glycerol,37,O2,23,1667,245
20181018,glycerol,37,O2,23,1747,252
20181018,glycerol,37,O2,23,1853,259
20181018,glycerol,37,O2,23,1942,266
20181018,glycerol,37,O2,23,2002,273
20181018,glycerol,37,O2,23,2081,280
20181018,glycerol,37,O2,23,2179,287
20181018,glycerol,37,O2,23,2269,294
20181018,glycerol,37,O2,23,2369,301
20181018,glycerol,37,O2,23,2446,308
20181018,glycerol,37,O2,23,2513,315
20181018,glycerol,37,O2,23,2601,322
20181018,glycerol,37,O2,23,2672,329
20181018,glycerol,37,O2,23,2796,336
20181018,glycerol,37,O2,23,2872,343
20181018,glycerol,37,O2,23,2967,350
20181018,glycerol,37,O2,23,3055,357
20181018,glycerol,37,O2,23,3134,364
20181018,glycerol,37,O2,23,3303,371
20181018,glycerol,37,O2,23,3356,378
20181018,glycerol,37,O2,23,3487,385
20181018,glycerol,37,O2,23,3624,392
20181018,glycerol,37,O2,23,3747,399
20181018,glycerol,37,O2,23,3844,406
20181018,glycerol,37,O2,23,3932,413
20181018,glycerol,37,O2,23,3992,420
20181018,glycerol,37,O2,23,4053,427
20181018,glycerol,37,O2,23,4133,434
20181018,glycerol,37,O2,23,4227,441
20181018,glycerol,37,O2,23,4351,448
20181018,glycerol,37,O2,23,4322,455
20181018,glycerol,37,O2,23,4382,462
20181018,glycerol,37,O2,23,4717,469
20181018,glycerol,37,O2,23,4977,476
20181018,glycerol,37,O2,24,522,7
20181018,glycerol,37,O2,24,561,14
20181018,glycerol,37,O2,24,573,21
20181018,glycerol,37,O2,24,601,28
20181018,glycerol,37,O2,24,617,35
20181018,glycerol,37,O2,24,617,42
20181018,glycerol,37,O2,24,628,49
20181018,glycerol,37,O2,24,637,56
20181018,glycerol,37,O2,24,683,63
20181018,glycerol,37,O2,24,705,70
20181018,glycerol,37,O2,24,738,77
20181018,glycerol,37,O2,24,771,84
20181018,glycerol,37,O2,24,831,91
20181018,glycerol,37,O2,24,903,98
20181018,glycerol,37,O2,24,930,105
20181018,glycerol,37,O2,24,973,112
20181018,glycerol,37,O2,24,1018,119
20181018,glycerol,37,O2,24,1069,126
20181018,glycerol,37,O2,24,1137,133
20181018,glycerol,37,O2,24,1193,140
20181018,glycerol,37,O2,24,1252,147
20181018,glycerol,37,O2,24,1291,154
20181018,glycerol,37,O2,24,1321,161
20181018,glycerol,37,O2,24,1387,168
20181018,glycerol,37,O2,24,1436,175
20181018,glycerol,37,O2,24,1448,182
20181018,glycerol,37,O2,24,1464,189
20181018,glycerol,37,O2,24,1508,196
20181018,glycerol,37,O2,24,1571,203
20181018,glycerol,37,O2,24,1650,210
20181018,glycerol,37,O2,24,1740,217
20181018,glycerol,37,O2,24,1801,224
20181018,glycerol,37,O2,24,1882,231
20181018,glycerol,37,O2,24,1943,238
20181018,glycerol,37,O2,24,1998,245
20181018,glycerol,37,O2,24,2046,252
20181018,glycerol,37,O2,24,2097,259
20181018,glycerol,37,O2,24,2175,266
20181018,glycerol,37,O2,24,2233,273
20181018,glycerol,37,O2,24,2320,280
20181018,glycerol,37,O2,24,2416,287
20181018,glycerol,37,O2,24,2542,294
20181018,glycerol,37,O2,24,2669,301
20181018,glycerol,37,O2,24,2807,308
20181018,glycerol,37,O2,24,2953,315
20181018,glycerol,37,O2,24,3098,322
20181018,glycerol,37,O2,24,3262,329
20181018,glycerol,37,O2,24,3471,336
20181018,glycerol,37,O2,24,3680,343
20181018,glycerol,37,O2,24,3869,350
20181018,glycerol,37,O2,24,4075,357
20181018,glycerol,37,O2,24,4279,364
20181018,glycerol,37,O2,24,4473,371
20181018,glycerol,37,O2,24,4627,378
20181018,glycerol,37,O2,24,4825,385
20181018,glycerol,37,O2,24,4990,392
20181018,glycerol,37,O2,24,5209,399
20181018,glycerol,37,O2,24,5425,406
20181018,glycerol,37,O2,24,5683,413
20181018,glycerol,37,O2,24,5935,420
20181018,glycerol,37,O2,24,6132,427
20181018,glycerol,37,O2,24,6349,434
20181018,glycerol,37,O2,24,6589,441
20181018,glycerol,37,O2,24,6889,448
20181018,glycerol,37,O2,24,7035,455
20181018,glycerol,37,O2,24,7286,462
20181018,glycerol,37,O2,24,7844,469
20181018,glycerol,37,O2,24,8226,476
