,I_1,I_2,summed,fluct
0,50024.10350356515,53665.03368638221,103689.13718994736,13256372.59614825
1,65757.03307527758,58635.21905073055,124392.25212600813,50720235.00023473
2,23621.10350356515,28005.801064289877,51626.90456785503,19225572.699025363
3,39471.37042314433,35450.289173465775,74921.65959661012,16169094.416516477
4,27441.150150204536,29916.998777790755,57358.148927995295,6129826.426720567
5,37519.4053317358,27756.487192518976,65275.89252425477,95314570.59304884
6,35565.03368638221,39079.801064289866,74644.83475067207,12353589.720803872
7,27974.277435417855,25542.03338082989,53516.310816247744,5915811.141078506
8,14606.382161192256,12925.684294915227,27532.06645610748,2824745.3177081575
9,61470.73124710693,74977.32408205725,136448.0553291642,182428050.0091314
10,96550.97469059026,71803.195880187,168354.17057077726,612452556.0486442
11,44614.905484511946,54946.38216119227,99561.28764570421,106739410.32078947
12,30910.63795382815,30137.649691876068,61048.287645704215,597510.8531157023
13,72879.47545447104,72950.45228392752,145829.92773839855,5037.710319692973
14,46999.510057510204,35976.195880187006,82975.7059376972,121513455.45197462
15,65953.61386662767,63599.78902068963,129553.4028873173,5540491.405355209
16,8552.1381066043,11129.45197837519,19681.59008497949,6642546.793622655
17,87337.28886791346,79618.54466054935,166955.8335284628,59579012.13871706
18,80313.21935628285,73302.67286241961,153615.89221870247,49147762.14261811
19,24000.184753243702,17994.056856925752,41994.241610169454,36073572.30692869
20,21884.777893746323,25391.75441765048,47276.532311396804,12298884.339214899
21,3162.08002746929,4526.719814611319,7688.799842080609,1862241.7486510412
22,6295.742985154859,5225.626521332529,11521.369506487386,1145149.246143608
23,6630.7544176504725,10111.04511887783,16741.799536528302,12112423.36504961
24,9301.48688696666,7299.754417650475,16601.241304617135,4006932.878714673
25,24197.99816668611,20917.684294915223,45115.68246160133,10760459.097332502
26,23308.696338515456,21411.44024032727,44720.13657884272,3599580.7021122635
27,49328.44054587957,55858.55670414959,105186.99725002916,42642417.04049914
28,50336.719509059,47566.25457042664,97902.97407948563,7675475.976191236
29,38462.56874774984,53403.25457042663,91865.82331817647,223224092.85193515
30,54197.11493606075,50827.371034248965,105024.48597030972,11355173.96379773
31,4945.347252600792,6374.42880783165,11319.776060432443,2042274.0915010497
32,7134.905484511961,5402.824234833402,12537.729719345363,3000105.4554880364
33,10675.615394389228,10459.324693161874,21134.940087551102,46781.66743742033
34,8907.870575920493,6350.917222559878,15258.78779848037,6538010.451262096
35,7924.905790064268,6546.010210286361,14470.91600035063,1901353.0199310507
36,12644.660818819373,16709.76554459377,29354.426363413142,16525076.431513341
37,16628.97499614258,16706.02164278197,33334.99663892455,5936.185758374749
38,14502.35868509641,15882.01021028636,30384.36889538277,1903438.3309589578
39,15792.160666043208,17030.62560467558,32822.78627071879,1533795.4042216865
40,13014.742985154864,12960.68490601985,25975.427891174713,2922.2759197675277
41,66673.56813664522,65087.858837872554,131761.42697451776,2514473.9802140957
42,65301.66112437168,68823.44024032727,134125.10136469896,12402928.141580906
43,37506.33582010519,35423.04542443015,72929.38124453534,4340098.872711856
44,37485.684906019844,43654.18475324369,81139.86965926352,38050390.36520059
45,74352.3231654003,68545.91630590292,142898.23947130324,33714360.618018225
46,79203.59069608412,78015.76554459377,157219.35624067788,1410928.5905130804
47,84590.91661145525,86384.2070071303,170975.12361858555,3215890.4432203863
48,26018.42880783165,24477.90548451195,50496.3342923436,2373212.1096919714
49,54996.91630590295,52404.12575745176,107401.04206335472,6722562.828137843
50,52324.57987469313,51507.544966101676,103832.1248407948,667546.0418570501
51,34668.30121706602,33057.67316797192,67725.97438503795,2594122.712528663
52,25376.196491291626,20877.52210111044,46253.71859240207,20238071.268872067
53,72114.06828942135,66473.14984465223,138587.2181340736,31819960.900536492
54,33730.62682688484,41497.68490601986,75228.3117329047,60327191.204656504
55,30587.09176551722,40609.96386919927,71197.0556347165,100457965.20676792
56,43023.24313793102,40675.47576002336,83698.71889795439,5512011.660767432
57,43901.31295511395,36805.382772296885,80706.69572741084,50352225.15941422
58,21255.824540385725,18836.591918293376,40092.4164586791,5852686.479795826
59,12093.673167971927,10643.68460046754,22737.35776843947,2102466.8458934217
60,24521.765544593767,22521.347252600786,47043.11279719455,4001673.3429401144
61,6854.498625014588,7084.242832378703,13938.741457393291,52782.40081736549
62,8787.160971595527,8156.393899240185,16943.554870835713,397867.09956772916
63,12440.707771011083,8399.789326241938,20840.49709725302,16329021.877275478
64,29114.557009701915,29553.010515838665,58667.56752554058,192241.47704360876
65,30018.394204792505,29394.324387609562,59412.71859240207,389463.13671875146
66,2304.1609715955274,3684.800758737552,5988.96173033308,1906166.2218395746
67,3987.7772826416954,4256.777588194018,8244.554870835713,72361.16438724287
68,8366.928960607815,8626.429113383965,16993.35807399178,67340.32929084549
69,8634.870881472807,8963.545271653982,17598.41615312679,108026.85476096734
70,37123.987039742824,39906.277740970174,77030.264780713,7741141.546136179
71,41145.85944897719,32567.150150204547,73713.00959918174,73594253.23284827
72,27321.824234833417,36957.510363062516,64279.33459789593,92846447.1617467
73,4629.324693161877,3994.47576002336,8623.800453185237,403033.16790711286
74,6168.092071069535,5648.31295511395,11816.405026183485,270170.32938356994
75,6014.2548759789415,4549.417680888356,10563.672556867297,2145748.008120855
76,5521.9873452951315,4426.312955113949,9948.30030040908,1200502.3692989058
77,4533.3592962010325,6747.89435756866,11281.253653769692,4904165.538026521
78,6400.789631794254,6349.847710929266,12750.63734272352,2595.0793014146875
79,8164.487192518976,5485.82454038572,13650.311732904696,7175233.603933571
80,4242.428196727018,5812.904873407325,10055.333070134344,2466396.991996821
81,3645.602434132047,5072.52149000582,8718.123924137868,2036097.9920156992
82,35976.05624582114,34788.44024032727,70764.49648614842,1410431.7765052246
83,27652.498319462284,28172.161277147832,55824.659596610116,270049.58959049213
84,24605.12667410869,30121.347252600794,54726.473926709485,30428689.470579747
85,102376.4050261835,93696.23048322616,196072.63550940965,75345430.09620458
86,34966.84709982464,25064.056551373444,60030.90365119808,98065260.64649437
87,65238.80045318523,57615.30091151372,122854.10136469894,58117745.26186573
88,61090.50975195789,29563.278046522486,90653.78779848038,993966339.0082115
89,13234.068289421368,15261.14953909991,28495.21782852128,4109058.3927983195
90,17061.092071069528,16222.231399883089,33283.323470952615,703687.2256633638
91,15713.823929281098,21328.40502618349,37042.22895546458,31523520.89369366
92,51842.41645867909,45870.079416364664,97712.49587504375,35668809.747000985
93,36310.405026183485,48482.60273968438,84793.00776586786,148162397.17655638
94,15436.498013909968,13129.346947048483,28565.84496095845,5322946.045320087
95,32117.579874693143,30056.81249678549,62174.392371478636,4246762.185848388
96,61348.42850227935,62872.24252682639,124220.67102910574,2322009.181406254
97,7049.661735476312,5488.010515838673,12537.672251314985,2438754.5317957248
98,62167.823623728764,74224.06798386907,136391.89160759782,145353028.07141495
99,12241.870270368177,15478.021031677352,27719.89130204553,10472671.74992195
100,26250.82423483341,26410.207923787228,52661.03215862064,25403.160304527377
101,17845.463716423124,20536.708076563395,38382.17179298652,7242796.205986812
102,23646.126063004067,20682.23109433077,44328.35715733484,8784673.385326877
103,14666.568442197524,15999.103198012832,30665.671640210356,1775648.8754557625
104,14674.894052016343,17163.370423144326,31838.26447516067,6192514.649662294
105,25344.55670414959,21648.079721916976,46992.636426066565,13663942.080175523
106,53655.70746545876,41585.73094155462,95241.43840701338,145684333.28759718
107,54628.114630508455,37751.58018024545,92379.6948107539,284817415.050914
108,45704.2428323787,47503.382161192254,93207.62499357096,3236902.3244836763
109,50002.71981461133,47250.649997428394,97253.36981203972,7573888.278649315
110,22911.045118877817,23317.126674108687,46228.171792986504,164902.22949872247
111,28544.719509058996,21608.242832378703,50152.9623414377,48114708.68612968
112,29802.277435417855,19289.382161192258,49091.659596610116,110520967.04683489
113,28994.021948334277,20311.05716247806,49305.07911081234,75393877.4724191
114,11389.998166686119,11768.97499614258,23158.973162828697,143623.43726487222
115,10055.17301519577,12492.707771011077,22547.88078620685,5941575.685807585
116,47791.579569140835,40623.38216119225,88414.96173033307,51383054.079320855
117,25027.533839158375,28959.173320748076,53986.70715990645,15457789.013194926
118,9912.149844652227,10675.63825938046,20587.788104032687,582914.5594242286
119,9469.068289421364,12490.626215780221,21959.694505201587,9129812.302342037
120,8718.917222559887,10236.382161192254,18955.299383752143,2302699.839978534
121,26300.370728696646,25084.847710929258,51385.2184396259,1477496.2067223366
122,27050.67316797193,27549.84740537696,54600.52057334889,249174.91928889326
123,6255.463716423118,8588.219356282852,14843.683072705971,5441748.875297399
124,7839.428807831654,7249.382466744569,15088.811274576223,348154.68463025696
125,16990.13841215662,19093.487192518984,36083.6256046756,4424076.091851847
126,20103.638259380463,20613.312649561627,40716.95090894209,259767.9840065416
127,7273.98734529513,6946.266308474554,14220.253653769683,107401.07797475337
128,6206.057162478063,5748.673473524239,11954.730636002303,209199.83892100866
129,5416.056856925754,4376.138412156615,9792.19526908237,1081430.3717710641
130,6372.928960607808,4599.417375336042,10972.34633594385,3145343.3430931736
131,3886.1498446522314,4571.801064289867,8457.950908942099,470117.5949905773
132,3431.393899240181,4783.719509059006,8215.113408299187,1828784.5549718565
133,47756.53353360605,42707.78963179425,90464.3231654003,25489814.98608186
134,48900.661429923995,41129.67316797192,90030.33459789591,60388258.56739689
135,4984.160971595527,3955.2539593219967,8939.414930917525,1058649.6399056434
136,3661.742985154857,4074.6846004675394,7736.427585622396,170520.77765704758
137,27465.708076563395,34022.9289606078,61488.6370371712,42997145.72214812
138,1834.1733207480852,2240.7778937463277,4074.951214494413,165327.2787830831
139,29405.382466744566,39388.324082057254,68793.70654880183,99659123.2947419
140,38168.207923787246,38010.75441765047,76178.96234143771,24791.60659476462
141,51833.89374646404,46807.103198012825,98640.99694447686,25268623.217998475
142,21117.068289421364,20087.31264956164,41204.380938983006,1060396.6778229068
143,9892.045424430142,13610.080333021608,23502.12575745175,13823783.58150475
144,13348.301217066026,13900.62682688484,27248.928043950866,305063.5792617247
145,28389.89435756865,28893.661735476308,57283.55609304496,253781.57104395676
146,27009.78963179425,29326.975607247205,56336.76523904146,5369350.844835859
147,25816.056856925756,28721.28947901809,54537.34633594385,8440376.588469505
148,29149.498625014578,33300.266002922246,62449.76462793682,17228869.825502504
149,8289.905790064266,9642.789326241946,17932.69511630621,1830293.8624606242
150,9905.719509059008,9498.510363062516,19404.229872121527,165819.2885831925
151,25822.15015020454,26455.24313793102,52277.39328813556,400806.73110843956
152,19584.77819929865,27895.126979661003,47479.905178959656,69061896.85127006
153,29074.62682688484,31795.847710929258,60870.474537814094,7405043.099759485
154,8242.3942047925,8881.04511887783,17123.43932367033,407874.9900620281
155,9547.661124371687,8438.952131151349,17986.613255523036,1229235.6316476555
156,26277.999083343064,27345.487498071285,53623.48658141435,1139531.5155789703
157,5507.870881472801,4251.185058796009,9759.055940268809,1579259.256916845
158,5389.766461250717,5064.312955113949,10454.079416364666,105919.98465671517
159,13351.789326241938,15586.835972881334,28938.625299123272,4995433.5126540065
160,16797.080333021604,17423.859143424874,34220.93947644648,392851.67717053794
161,7638.196491291624,10306.185058796005,17944.38155008763,7118162.9963340815
162,6579.952436703661,6021.068594973678,12601.02103167734,312351.14854686474
163,29470.324387609566,30677.835972881338,60148.1603604909,1458084.2285655474
164,70619.45106171827,63292.416458679094,133911.86752039735,53685436.074133426
165,23098.568136645205,27805.719203506684,50904.28734015189,22157271.16625516
166,20056.45167282289,28298.149233547596,48354.600906370484,67925578.6824556
167,23879.03338082989,29063.440240327272,52942.47362115716,26878074.48480352
168,21932.95213115136,28327.3475581531,50260.29968930446,40888292.876860745
169,58575.708076563395,53759.75472320279,112335.46279976619,23193406.701745287
170,69528.45197837519,59532.2428323787,129060.69481075389,99924197.29050381
171,32565.591612741056,35004.11493606076,67569.70654880181,5946395.99837417
172,32771.63825938047,27164.417375336037,59936.055634716504,31440926.042463988
173,26746.986734190512,23030.800758737554,49777.787492928066,13810038.20415325
174,5916.195880186997,6320.300605961392,12236.49648614839,163300.62939319888
175,8882.928655055493,8937.614783284605,17820.5434383401,2990.5726206908803
176,27458.77758819402,27210.417069783725,54669.19465797774,61682.94710503108
177,67582.20792378724,65885.56844219752,133467.77636598476,2878585.5304890405
178,6130.032464172952,8503.998166686115,14634.030630859066,5635713.156708814
179,3377.2307887784646,6355.614477732295,9732.84526651076,8870769.398626229
180,3480.940698655736,4431.96386919928,7912.9045678550165,904445.0709106956
181,12060.963258094656,11399.707465458763,23460.67072355342,437259.2232945233
182,7449.9406986557415,8968.021948334288,16417.96264699003,2304570.6806255775
183,12820.091765517223,10839.801064289868,23659.89282980709,3921551.261367531
184,15942.556093044968,10778.869964815858,26721.426057860826,26663654.43086574
185,8652.347252600794,9521.55639859728,18173.903651198074,755524.5394839419
186,8067.103198012829,7668.614783284602,15735.717981297432,158793.0166726157
187,38681.416764231406,33571.11463050845,72252.53139473985,26115187.89793342
188,4094.0676783167382,5573.498319462271,9667.56599777901,2188715.021960282
189,24373.789020689626,26545.149539099915,50918.938559789545,4714806.500910998
190,15459.358990648714,15880.498625014592,31339.857615663306,177358.59163382542
191,10205.289479018102,16863.975301694885,27069.264780712987,44338096.88511679
192,32797.00990473404,24444.556704149592,57241.56660888363,69763474.4679534
193,27259.579874693143,28909.021948334277,56168.60182302742,2720659.1542975637
194,41602.83536177671,41304.707465458756,82907.54282723548,88880.24256297082
195,12428.870881472805,17062.824234833406,29491.69511630621,21473523.681121957
196,56570.672862419626,53775.45197837519,110346.12484079482,7813259.790598161
197,62554.99816668611,53916.63795382813,116471.63612051425,74621267.16708778
198,41889.47484336641,42974.02133722965,84863.49618059606,1176241.097351038
199,24427.5567041496,27511.370423144344,51938.927127293944,9509907.053460198
200,74667.78840958499,83132.17270964345,157799.96111922845,71645801.57907616
201,66091.64969187608,71576.01021028636,137667.65990216244,30078210.295897454
202,62262.94008755112,56152.847405376946,118415.78749292807,37333232.58475839
203,42303.53353360606,38704.19618573932,81007.72971934537,12955229.34374839
204,35554.54527165397,39424.70777101109,74979.25304266506,14978157.771430125
205,68500.90548451195,71755.49862501459,140256.40410952654,10592376.510206804
206,61482.17332074809,68512.7080765634,129994.88139731149,49428418.95272712
207,87346.96356364696,67462.48688696665,154809.45045061363,395392412.70544314
208,14248.207923787237,14039.161582700159,28287.369506487397,43700.37272189494
209,22361.230788778463,30542.02133722967,52903.252126008134,66925333.99762862
210,16410.54527165398,19235.428807831653,35645.97407948563,7979966.992967674
211,21057.75441765047,23189.486886966664,44247.241304617135,4544283.320736917
212,53174.952131151345,49478.17301519576,102653.1251463471,13666175.83216536
213,4603.417069783729,6944.638259380453,11548.05532916418,5481316.658616699
214,6227.184753243696,6943.103503565149,13170.288256808846,512539.6570618316
215,8057.1501502045385,8776.533839158368,16833.683989362908,517512.89193282044
216,10349.045118877832,8209.777893746328,18558.82301262416,4576464.260521842
217,44310.87088147281,48861.12667410869,93171.9975555815,20704827.77841637
218,44075.684906019844,38117.46402197544,82193.14892799528,35500396.10306292
219,21612.48658141434,19733.82392928109,41346.31051069543,3529373.3605203405
220,18992.789020689626,21221.463410870805,40214.25243156043,4966989.537449449
221,15277.230788778468,12966.056551373436,28243.287340151903,5341526.35564473
222,16434.451978375197,14269.277435417855,30703.72941379305,4687980.801470535
223,1783.6382593804597,4696.59161274106,6480.229872121519,8485297.238854768
224,3754.8708814728056,5129.429113383965,8884.29999485677,1889410.3329147329
225,7470.103503565146,6321.138412156616,13791.241915721763,1320120.7812754107
226,44443.835667329025,45864.149539099904,90307.98520642893,2017291.4943447846
227,66331.37011759201,55909.847099824634,122241.21721741665,108608142.00985533
228,27310.719814611315,25917.01051583867,53227.73033044998,1942425.609485342
229,29175.987039742806,26946.463716423128,56122.450756165934,4970774.24922642
230,10900.940698655737,12488.673167971929,23389.613866627667,2520894.394120892
231,13360.219661835166,10697.161582700153,24057.381244535318,7091878.332846265
232,8681.312955113955,8168.533839158373,16849.84679427233,262942.42176018894
233,11035.126674108686,10859.184753243691,21894.311427352375,30955.559517663896
234,31997.30121706603,30508.23139988309,62505.532616949116,2217328.9204452313
235,27429.81310789011,28314.19679684393,55744.00990473404,782134.5092875698
236,36890.15015020454,36136.60365634131,73026.75380654585,567832.3184135756
237,28001.62682688485,33266.20822933955,61267.8350562244,27715817.343071893
238,5893.382466744572,6312.928960607809,12206.311427352382,176019.26051293494
239,37389.103503565144,36511.70807656339,73900.81158012853,769822.7353235948
240,40451.84771092925,41016.99877779075,81468.84648872001,319395.7283746928
241,16305.650302980697,16546.80136984218,32852.45167282288,58153.83704843048
242,13214.52210111044,11694.405637288119,24908.92773839856,2310754.06358368
243,5433.661735476308,6079.81280233779,11513.474537814098,417511.20120623126
244,4483.254875978946,3924.3129551139546,8407.5678310929,312416.07090024644
245,22871.71981461132,25769.83627843365,48641.55609304497,8399079.037878051
246,23720.754723202783,23393.0222538866,47113.77697708938,107408.57144408263
247,38328.75472320278,40502.08033302161,78830.83505622439,4723344.206294383
248,5536.557009701907,4373.324693161877,9909.881702863784,1353109.4222430852
249,5043.092071069535,4685.83627843365,9728.928349503185,127631.70137189509
250,14508.080333021608,18444.336125657497,32952.4164586791,15494109.665059594
251,46315.95213115135,40779.01051583867,87094.96264699002,30657722.451381393
252,37351.56844219752,39698.44054587957,77050.00898807708,5507808.671041044
253,17349.487192518973,17638.71981461131,34988.20700713029,83655.50968240963
254,15042.196491291625,14035.84771092926,29078.044202220884,1012737.8677368191
255,3072.9057900642706,2962.1035035651503,6035.00929362942,12277.146693433142
256,13295.405942840425,18091.952436703672,31387.358379544097,23006858.267791804
257,28752.719814611326,30203.54527165399,58956.26508626532,2104894.5068030586
258,11922.032158620641,18965.928043950877,30887.960202571518,49616469.243372224
259,14276.905178959641,13978.033075277586,28254.938254237226,89324.53435933718
260,77765.0914599649,73641.74267960255,151406.83413956745,17002005.164515622
261,81861.13780105198,64179.2425268264,146040.38032787837,312649420.48868114
262,15944.858837872567,14052.440240327267,29997.299078199834,3581248.148335321
263,27018.951520046714,29597.42819672703,56616.37971677374,6648541.972184362
264,31964.893135359394,33083.69572741085,65048.588862770244,1251719.2399810557
265,19372.231094330782,17486.963563646965,36859.19465797774,3554233.662250658
266,16638.73094155462,17394.998166686117,34033.72910824073,571940.1158080959
267,14311.544966101666,17244.8820084161,31556.426974517766,8604466.203813998
268,18773.33520900055,21548.242221274068,40321.577430274614,7700108.92676474
269,49515.51036306252,51441.556704149596,100957.06706721212,3709654.5080148997
270,54102.08002746929,51822.11493606076,105924.19496353006,5198240.818041501
271,33445.916917007555,30969.49862501458,64415.415542022136,6132647.556917396
272,35807.66112437169,32511.161277147843,68318.82240151953,10866911.24274685
273,21854.173015195767,22988.312649561634,44842.485664757405,1286272.7102395426
274,19501.347558153106,18465.219661835163,37966.56721998827,1073561.017528246
275,19249.080027469296,22337.742985154866,41586.82301262416,9539838.866178975
276,19097.417375336037,22610.99877779075,41708.41615312679,12345254.271675637
277,4667.3942047924975,6328.091765517217,10995.485970309714,2757916.3881970337
278,43574.429113383965,38418.464021975444,81992.89313535941,26583976.023823284
279,11831.277435417864,10471.719509059005,22302.99694447687,1848397.7551252001
280,7617.77789374633,8500.870881472802,16118.648775219131,779853.2249716661
281,4300.59161274106,3717.742985154859,8018.334597895919,339712.52267911803
282,3452.754417650471,2589.731247106934,6042.485664757405,744808.9928950192
283,29254.115241613075,29045.766461250714,58299.881702863786,43409.2142784834
284,9663.254570426632,12884.370728696646,22547.625299123276,10375589.305068169
285,10046.80106428987,12169.266002922248,22216.06706721212,4504857.415723745
286,31976.312955113946,34299.76646125072,66276.07941636466,5398436.195179273
287,32998.46402197544,42236.870881472794,75235.33490344824,85348161.30160783
288,14360.545271653978,19627.150150204536,33987.695421858516,27737126.94677253
289,56871.987039742824,54532.89435756865,111404.88139731147,5471354.575800772
290,10286.77789374633,13812.940393103425,24099.718286849755,12433821.971872274
291,10148.975607247203,11602.661735476315,21751.637342723516,2113203.359405746
292,10386.626826884843,12519.626826884849,22906.253653769694,4549689.000000023
293,84292.38185563995,66516.69603296315,150809.0778886031,315975006.4665128
294,33596.253959322006,26841.847099824638,60438.10105914665,45622012.023625106
295,29492.60304523668,23652.742679602557,53145.34572483924,34103969.090104304
296,44263.765544593785,51878.6259102279,96142.39145482169,57986098.388105325
297,3603.4050261834846,5438.498013909964,9041.90304009345,3367566.273602898
298,31315.626521332524,36774.78902068962,68090.41554202215,29802455.194386803
299,61605.963563646954,51321.31264956164,112927.27621320859,105774044.42459592
300,50165.9756072472,56934.498625014596,107100.4742322618,45812903.84204704
301,28719.695727410843,35505.02164278197,64224.71737019281,46040647.77780701
302,26754.59161274107,32405.393899240175,59159.98551198124,31931566.481103495
303,10848.847099824641,10723.940087551111,21572.787187375754,15601.761715099823
304,45441.05685692575,44486.39389924018,89927.45075616593,911381.362776961
305,21818.68490601986,19786.8708814728,41605.55578749266,4128268.230346108
306,25701.48719251897,29516.67316797193,55218.1603604909,14555644.027292965
307,46019.75441765047,43393.19618573931,89412.95060338978,6898808.145620259
308,41180.35899064871,44227.85883787256,85408.21782852127,9287255.318829397
309,6528.626826884841,5959.417375336044,12488.044202220884,323999.39973248227
310,3520.417069783724,3346.987039742821,6867.404109526545,30077.975319988567
311,32916.9512144944,29543.92834950318,62460.87956399759,11377283.247753581
312,47242.69664406778,48443.55700970191,95686.25365376969,1442065.6177509346
313,40422.33582010518,29976.37103424895,70398.70685435412,109118180.30734842
314,39640.10350356515,37780.964174751585,77421.06767831673,3456399.0439413567
315,21396.708382115703,19962.871187025114,41359.57956914081,2055889.1020252488
316,19770.661429924,22777.870575920493,42548.53200584449,9043306.847764963
317,19360.63825938046,23106.49862501459,42467.13688439505,14031469.878828652
318,16898.603350788988,20930.09176551722,37828.695116306204,16252898.838087952
319,21020.010515838676,16791.068594973684,37811.07911081236,17883949.770049293
320,29800.033686382216,33584.35929620103,63384.392982583246,14321120.321130538
321,18062.38277229689,21408.022253886604,39470.40502618349,11193303.540771894
322,20231.150150204543,14134.115241613075,34365.26539181762,37173834.67658297
323,37720.50914085326,29997.113713851515,67717.62285470478,59650836.92183148
324,35437.10258690821,38957.53292250142,74394.63550940962,12393429.747764945
325,39413.96295254233,38137.4164586791,77551.37941122142,1629570.9509945018
326,51416.358379544086,66275.04389666858,117691.40227621267,220780535.29680505
327,56638.31203845701,70706.61417217996,127344.92621063697,197917124.92571396
328,63035.81188568085,77035.66081881936,140071.47270450022,195995770.1506996
329,59124.28825680885,57320.53292250144,116444.8211793103,3253533.3060424384
330,76066.02103167736,67094.86996481585,143160.89099649322,80481551.46445037
331,73392.54466054935,67274.60273968436,140667.14740023372,37429213.347077236
332,20389.39389924018,21777.405331735798,42166.79923097598,1926575.7367385312
333,16172.497402805337,17243.392982583246,33415.890385388586,1146817.342787864
334,53062.78871513732,47905.10289246053,100967.89160759785,26601723.045441203
335,54249.69572741085,43546.0445077732,97795.74023518406,114568149.43165055
336,36538.50944640556,33594.69603296314,70133.2054793687,8666037.413163502
337,28847.09176551722,31843.52179555813,60690.61356107535,8978592.92493096
338,47305.137189947345,42346.98612308587,89652.12331303323,24583262.00181955
339,35888.4519783752,35855.986734190505,71744.4387125657,1053.9920799716765
340,50720.207312682614,43092.2650862653,93812.47239894792,58185502.609560296
341,47054.60273968437,60964.00959918173,108018.6123388661,193471599.18303216
342,55306.87027036818,54072.38185563994,109379.25212600813,1523961.646098232
343,52780.90548451197,51155.53353360605,103936.43901811802,2641833.978791702
344,31248.603350788984,34074.67316797192,65323.276518760904,7986670.61159241
345,36318.998777790744,34459.76615569841,70778.76493348915,3456745.94305234
346,17123.89435756866,12561.82423483341,29685.71859240207,20812483.804753628
347,11520.138106604301,11342.161582700157,22862.29968930446,31675.643061002487
348,6619.045118877821,8449.335820105174,15068.380938982995,3349964.050999318
349,7988.731247106928,8182.801064289872,16171.5323113968,37663.09394142113
350,37564.603350788995,29519.824234833402,67084.4275856224,64718471.02451525
351,21466.3475581531,22255.068594973687,43721.41615312679,622080.8739233445
352,6301.870575920483,5580.347252600785,11882.217828521269,520595.9060943011
353,54514.35929620104,48015.405942840436,102529.76523904147,42236394.689157
354,10882.673473524239,12281.022253886598,23163.695727410835,1955379.311540898
355,13793.150150204541,16204.894357568652,29998.044507773193,5816510.121754342
356,29764.917528112193,34336.78963179426,64101.70715990645,20902014.532426264
357,10148.626826884842,10142.371034248963,20290.997861133805,39.134941503113
358,12015.801369842186,10036.964174751589,22052.765544593774,3915796.64467402
359,13653.126979661003,19612.80136984219,33265.92834950319,35517718.83698149
360,24511.882619520733,28859.324387609555,53371.20700713029,18900249.92692326
361,28191.55609304497,26125.27712986554,54316.83322291051,4269508.753677858
362,19325.161277147847,17671.731247106927,36996.89252425477,2733830.864241116
363,16863.510363062516,17306.20792378723,34169.71828684975,195981.13027161272
364,35195.56813664521,42683.99816668611,77879.56630333132,56076584.314818375
365,46416.53353360607,34541.14984465223,80957.6833782583,141024737.75987083
366,25885.70746545877,19268.661124371676,45154.36858983045,43785302.2800941
367,62309.31234400933,55978.73094155462,118288.04328556395,40076260.8931055
368,50218.893746464026,47381.626521332524,97600.52026779656,8050085.306805411
369,58746.26600292224,63492.32408205724,122238.59008497949,22525067.29052261
370,10336.045118877822,10392.010210286358,20728.05532916418,3132.091456365785
371,9044.33551455286,11748.172709643452,20792.50822419631,7310735.577555356
372,18552.05655137344,18438.789326241935,36990.84587761537,12829.464288991096
373,15936.196185739314,21023.84740537695,36960.043591116264,25884194.932680316
374,18247.045424430144,22840.498319462276,41087.54374389242,21099809.498879083
375,29599.196185739318,20065.091765517227,49664.28795125654,90899147.09569842
376,3496.7195090590053,4543.800453185237,8040.5199622442415,1096378.50355228
377,39631.80045318524,45193.89344091172,84825.69389409697,30936878.404116068
378,47963.20761823492,66394.98642863819,114358.1940468731,339730470.1156311
379,48455.10289246051,65794.74237405024,114249.84526651076,300663097.35150534
380,42667.82454038572,43382.92926616013,86050.75380654585,511374.7688248894
381,30922.254264874326,39920.70777101108,70842.9620358854,80972165.5021049
382,38609.18444769139,33631.89374646403,72241.07819415542,24773422.724524315
383,10119.510363062516,13735.068594973678,23854.578958036196,13072261.328340566
384,8905.010515838672,15054.928960607813,23959.939476446485,37821496.877311684
385,42167.23109433078,39710.16158270015,81877.39267703093,6037190.584984786
386,39989.90579006427,42878.98703974281,82868.89282980708,8346790.467244094
387,30492.580180245444,27281.25457042664,57773.83475067209,10312612.172278108
388,26454.963869199273,30344.44054587957,56799.40441507884,15128028.818440005
389,5581.41737533604,4555.789326241938,10137.20670157798,1051912.895088573
390,5153.010515838669,5069.7429851548595,10222.753500993527,6933.481666179095
391,18652.102586908215,15008.579569140818,33660.682156049035,13275259.981000837
392,39445.591612741075,39598.1381066043,79043.72971934537,23270.43278996402
393,25303.46402197544,33193.63825938047,58497.10228135591,62254849.496609986
394,7704.70807656339,14229.103503565148,21933.81158012854,42567735.68788145
395,9104.33612565749,6698.487192518979,15802.82331817647,5788109.089083711
396,8451.90579006427,9093.83597288134,17545.74176294561,412074.35961155704
397,6465.859448977186,7580.975607247201,14046.835056224387,1243484.0464348774
398,35109.94069865574,39956.02194833428,75065.96264699002,23484503.478485957
399,40996.55700970191,39655.23139988309,80651.78840958499,1799154.3915558327
400,21198.83627843365,25735.73155265924,46934.56783109289,20583418.72929049
401,20671.92926616013,24710.045424430133,45381.97469059026,16306382.107681299
402,13602.835361776702,16113.25365376969,29716.089015546393,6302200.000772991
403,21824.871187025114,18508.475760023353,40333.34694704847,10998478.628238188
404,22802.87118702511,24215.057162478075,47017.928349503185,1994269.2292660424
405,4798.196796843937,5256.638564932768,10054.835361776704,210168.85472841345
406,7220.894357568661,7554.7432907071725,14775.637648275833,111455.11015772246
407,5587.289784570411,7868.731552659245,13456.021337229657,5204976.541180303
408,38484.77728264169,47973.57956914082,86458.3568517825,90037368.8322711
409,31454.335820105178,45812.335514552855,77266.67133465804,206152155.2257596
410,40726.323470952615,41313.811885680865,82040.13535663349,345142.63743991236
411,46279.61417217997,45926.91661145527,92206.53078363524,124395.56934115376
412,34517.847405376946,38909.06828942135,73426.9156947983,19282820.852467746
413,38845.637953828154,35349.70777101109,74195.34572483925,12221527.843131354
414,44610.37042314433,52927.451672822885,97537.82209596722,69173840.51375453
415,29103.28947901809,57058.730330449995,86162.01980946808,781506673.1979077
416,17175.998166686124,21093.067983869045,38269.06615055517,15343435.95268544
417,15934.951825599037,18305.33551455286,34240.287340151895,5618718.832858328
418,21535.661124371683,23133.219356282847,44668.88048065453,2552192.304347123
419,20788.951825599033,30453.30060596139,51242.252431560424,93399637.34849139
420,24004.428807831653,20668.056856925752,44672.485664757405,11131377.794791648
421,20948.87088147281,25335.486886966664,46284.35776843947,19242399.979654867
422,38424.71950905901,29478.277740970174,67902.99725002918,80038820.3098045
423,39972.195880186984,40287.85883787257,80260.05471805955,99643.10285481132
424,17684.568747749836,19976.8708814728,37661.43962922264,5254649.072270861
425,48691.14923354761,43360.5097519579,92051.6589855055,28415717.282682985
426,79510.71859240209,69958.16066604323,149468.87925844532,91251362.93644147
427,37031.9864286382,38112.20761823491,75144.1940468731,1166877.8184537357
428,2652.1838365867507,8205.26569736993,10857.449533956682,30836718.152559184
429,92391.20700713029,89598.82301262415,181990.03001975443,7797408.372774031
430,79563.81219123316,80550.75350099354,160114.5656922267,974053.14891154
431,44394.05624582113,46266.05624582112,90660.11249164224,3504383.9999999725
432,64955.45167282289,72467.68429491522,137423.1359677381,56433638.96842817
433,47960.26508626532,48478.52118445349,96438.78627071882,268589.3833092324
434,85619.07941636468,95586.26508626531,181205.34450263,99344790.1782725
435,28695.265697369916,34644.41615312678,63339.681850496694,35392391.145232126
436,78487.11401940383,75699.23017767382,154186.34419707765,7772296.314979302
437,73464.87027036816,65849.34694704847,139314.21721741662,57996195.48802621
438,23295.323776504934,24526.904873407322,47822.22864991226,1516791.9982472886
439,74983.00990473403,78628.46341087081,153611.47331560485,13289331.265404932
440,68525.95213115134,73052.4519783752,141578.40410952654,20489200.86691768
441,93984.69572741083,85772.02164278197,179756.7173701928,67448015.62033448
442,53587.253959322,49593.34694704848,103180.60090637047,15951293.222687604
443,80596.9286550555,83778.43993477496,164375.36858983047,10122014.022982154
444,82102.81219123317,68188.47514891873,150291.2873401519,193608775.32712367
445,43212.80045318525,37895.823929281105,81108.62438246635,28270239.3557478
446,41290.730636002314,49750.50914085325,91041.23977685557,71567852.351138
447,29858.70715990645,28366.381244535325,58225.088404441776,2227036.6376882694
448,28981.928655055504,36617.77758819402,65599.70624324953,58306188.92971258
449,69561.91630590294,64196.05594026881,133757.97224617173,28792457.463483233
450,75025.55609304496,71951.06798386906,146976.624076914,9452477.13346401
451,53993.03368638221,59393.417375336045,113386.45106171825,29164143.98791864
452,44104.07972191698,32973.03338082991,77077.1131027469,123900192.6474279
453,60260.46402197543,47425.85914342487,107686.3231654003,164727082.3885139
454,39735.323776504934,44965.40502618348,84700.72880268842,27353749.87823908
455,36381.76615569841,36195.766155698395,72577.5323113968,34596.00000000541
456,74059.62560467559,52469.625910227915,126529.2515149035,466128086.80625063
457,60298.0914599649,54766.102892460534,115064.19435242543,30602897.510998968
458,32519.568442197513,29391.440545879577,61911.00898807709,9785184.135722473
459,51338.73094155463,58012.463105318486,109351.19404687312,44538700.99365615
460,52423.46341087082,48628.09145996491,101051.55487083574,14404848.24572332
461,15158.684600467537,13187.126674108687,28345.811274576226,3887040.6569884075
462,18627.16127714784,15313.56844219752,33940.729719345356,10979897.475834094
463,31638.475148918726,30743.138106604303,62381.61325552303,801628.4193403379
464,33326.19588018699,31613.172709643462,64939.368589830454,2934448.3828190044
465,9554.184447691377,10740.242526826387,20294.426974517766,1406733.7670814283
466,9458.940087551107,9000.39359368787,18459.333681238975,210264.88703426823
467,49251.3117329047,51808.61417217998,101059.92590508467,6539795.765923286
468,50434.59100163644,46618.16097159553,97052.75197323196,14565138.174198106
469,31622.637953828136,38009.905484511946,69632.54343834009,40797186.50852766
470,51609.11463050845,52775.998166686106,104385.11279719455,1361617.1870024763
471,62364.486581414356,59364.90517895964,121729.391760374,8997488.589952191
472,22534.801064289866,24143.649997428376,46678.45106171824,2588394.8896609214
473,21579.16158270015,31190.021642781958,52769.183225482106,92368631.09447566
474,56572.74237405022,62576.18444769138,119148.9268217416,36041316.73156491
475,58232.80045318525,71705.777588194,129938.57804137925,181521112.8804687
476,15644.161582700159,16203.173015195767,31847.334597895926,312493.78166079224
477,18873.300911513707,18262.719509059003,37136.020420572706,372809.6490235526
478,32366.510057510208,39087.19588018699,71453.7059376972,45167617.92712872
479,34204.452283927516,26843.731247106927,61048.18353103445,54180214.18189316
480,3235.8940520163433,636.3938992401834,3872.287951256527,6757401.044283277
481,48032.48719251897,42846.01051583867,90878.49770835764,26899540.317748733
482,57864.89405201634,48426.99847223842,106291.89252425476,89073872.9747916
483,23806.77789374632,25868.010515838672,49674.78840958499,4248679.922377718
484,33309.78932624194,32860.53353360605,66170.32285984799,201830.7672168981
485,26358.603656341307,24331.9641747516,50690.56783109291,4107267.588338198
486,23366.580485797764,22652.789631794258,46019.37011759202,509497.38325905433
487,3537.4522839275055,5465.545577206298,9002.997861133803,3717543.747586659
488,5710.429113383971,9181.801064289872,14892.230177673842,12050423.221536241
489,15986.184753243697,14791.417375336041,30777.60212857974,1427469.0873123354
490,23608.266002922246,20698.277740970167,44306.54374389241,8468031.684698883
491,12756.04542443014,20998.603350788988,33754.64877521913,67939761.16938107
492,1798.3009115137093,114.37072869664189,1912.6716402103511,2835620.860602322
493,33703.33551455286,32009.5567041496,65712.89221870246,2868886.658571091
494,32646.044813325512,27698.231094330786,60344.275907656294,24480860.597872425
495,28592.98703974281,30337.405637288113,58930.39267703092,3042996.2434619246
496,31324.091765517227,22037.382161192258,53361.473926709485,86242975.27506164
497,31493.25457042662,38302.138412156615,69795.39298258323,46360899.17017183
498,37855.742985154866,38903.66173547631,76759.40472063117,1098133.7072752519
499,13035.312649561642,18620.39389924019,31655.70654880183,31193132.565510884
500,11858.801064289872,12165.591918293381,24024.392982583253,94120.62810020274
501,12948.766155698402,12987.905790064273,25936.671945762675,1531.9109782940493
502,13013.11493606076,14141.451978375193,27154.566914435953,1273144.4810588832
503,21462.94039310342,21473.615088836927,42936.55548194035,113.94912900291752
504,24544.731247106927,23070.405637288113,47615.13688439504,2173636.0037676175
505,12502.359296201035,10484.092071069535,22986.451367270573,4073402.592040004
506,11897.61508883692,12330.347558153102,24227.96264699002,187257.39000048098
507,45731.16158270016,41089.28947901809,86820.45106171825,21546976.626941822
508,47058.56844219753,41725.463410870805,88784.03185306833,28442009.27516244
509,15738.498930566904,17728.02194833428,33466.52087890118,3958201.838226209
510,28167.84771092926,36101.92896060781,64269.77667153707,62949645.2765007
511,31705.347558153095,25353.312649561627,57058.660207714725,40348347.479964614
512,5570.324387609566,9565.266308474558,15135.590696084124,15959560.951084476
513,43973.14953909991,46228.91722255988,90202.0667616598,5088487.841742358
514,48268.41737533604,43620.98734529512,91889.40472063117,21598605.88412611
515,39153.47545447104,32353.382772296878,71506.85822676792,46241260.48615856
516,20047.707771011075,25305.53353360605,45353.24130461713,27644731.749807417
517,44495.44024032726,47419.83597288133,91915.27621320859,8552090.400580447
518,37360.49893056691,41928.510363062516,79289.00929362942,20866728.44741058
519,1527.3827722968863,1341.498930566902,2868.881702863788,34552.802616297886
520,37950.24191572177,31753.09115441259,69703.33307013435,38404677.558394924
521,24333.4519783752,26062.75441765048,50396.20639602568,2990486.9264834384
522,36592.12667410869,23529.324387609573,60121.45106171826,170636803.57616648
523,9725.32408205725,44683.6611243717,54408.985206428944,1222085328.7640548
524,62419.91691700756,80859.66081881938,143279.57773582696,340024155.16440606
525,44022.23078877845,44309.50975195788,88331.74054073633,82529.20268544796
526,15679.35929620103,14490.545271653984,30169.904567855014,1413278.7849597442
527,43515.41768088835,45332.44085143189,88847.85853232024,3301573.2022921112
528,10323.684600467537,9468.742679602552,19792.42728007009,730925.6880523105
529,10536.126368556377,7644.591612741062,18180.71798129744,8360973.244087935
530,13145.510057510206,12466.324082057252,25611.834139567458,461293.5892519808
531,10402.64969187607,13992.75411209816,24395.40380397423,12888849.748098196
532,34070.11463050844,25034.103503565155,59104.2181340736,81649497.08624287
533,25840.71981461132,28498.568442197527,54339.288256808846,7064159.327161893
534,9465.196491291623,10123.173320748081,19588.369812039702,432933.5081015732
535,10162.254570426634,12759.289173465784,22921.54374389242,6744588.729382716
536,25958.208229339554,24969.46402197544,50927.672251314994,977615.1075960903
537,24437.25457042663,19401.708076563402,43838.96264699003,25356728.491858255
538,13390.35929620103,8711.824234833408,22102.18353103444,21888690.320446137
539,10706.045424430138,5524.812802337791,16230.85822676793,26845171.48423394
540,45366.44054587958,43268.83597288133,88635.27651876092,4399944.9446631735
541,45480.97530169488,41662.73124710692,87143.7065488018,14578987.66039629
542,8288.707771011077,7600.5217955581265,15889.229566569204,473599.93681012903
543,12143.440240327272,8033.1615827001515,20176.601823027424,16894390.64334501
544,42494.812802337794,43877.64999742839,86372.46279976619,1912238.7081260188
545,11068.428807831655,6194.580180245453,17263.00898807711,23754400.4446239
546,6348.545577206299,5514.66173547631,11863.207312682609,695362.2614983645
547,7046.35929620103,6112.8128023377985,13159.172098538827,871509.056204332
548,4000.0454244301427,5117.70807656339,9117.753500993533,1249169.8039735241
549,47877.8708814728,42130.940698655744,90008.81158012855,33027206.526173696
550,49388.28917346578,53402.579874693125,102790.8690481589,16114529.83396031
551,28836.84771092927,22263.487498071292,51100.335209000565,43209064.48798427
552,4091.4399347749604,4587.579569140821,8679.01950391578,246154.53678868996
553,22774.17270964346,27698.347252600804,50472.51996224426,24247494.929509185
554,27665.48658141434,29148.544660549353,56814.03124196369,2199461.2660876294
555,6085.788715137319,4793.405026183484,10879.193741320803,1670255.5994739234
556,4077.3935936878747,5148.0213372296585,9225.414930917534,1146243.7652413715
557,23437.76585014609,16358.021642781972,39795.787492928066,50122778.04170578
558,21660.509751957885,19927.532922501432,41588.04267445931,3003208.6914329394
559,24830.056551373436,18676.882008416105,43506.938559789545,37861556.95609816
560,16677.486886966657,14504.997861133803,31182.48474810046,4719708.567364183
561,7936.3237765049325,6785.475148918732,14721.798925423664,1324452.5636170413
562,5106.835361776706,14350.079416364668,19456.914778141374,85437560.6526757
563,13645.312344009328,16320.649386323752,29965.96173033308,7157428.289979692
564,2045.9400875511033,5341.905484511957,7387.845572063061,10863387.897963319
565,51193.312344009326,50302.67255686729,101495.98490087662,793239.2304404076
566,20390.85914342487,24329.12667410869,44719.98581753356,15509951.14323844
567,56058.067983869056,61528.55639859728,117586.62438246634,29926243.495675683
568,52277.75441765048,51701.44054587957,103979.19496353006,332137.6787955746
569,2011.5801802454466,2688.626826884844,4700.207007130291,458392.1617256529
570,2859.8477109292594,2130.045118877828,4989.892829807088,532611.8233649881
571,15418.486886966662,13087.998472238429,28506.485359205093,5431176.251182516
572,14390.428502279343,11076.603045236681,25467.031547516024,10981439.159744006
573,50335.672862419604,46425.82362372878,96761.49648614839,15286921.069291228
574,33564.68429491522,30066.056551373433,63630.74084628865,12240396.087880295
575,27873.03338082991,30975.126368556364,58848.15974938628,9622980.904501634
576,13980.75350099353,13349.835361776702,27330.588862770233,398057.6983928253
577,2303.103503565151,3085.3824667445733,5388.4859703097245,611960.3762330717
578,2589.1035035651444,2797.208229339549,5386.311732904693,43307.57688964006
579,15281.045118877824,13052.17332074808,28333.218439625904,4967869.492498123
580,4125.835667329024,5536.254570426629,9662.090237755652,1989281.482215051
581,4150.719509059001,4850.382466744573,9001.101975803575,489528.25435732264
582,4431.1615827001515,4757.684906019851,9188.846488720003,106617.48067174105
583,5424.99877779074,4027.8359728813375,9452.834750672078,1952063.9034223089
584,1851.0794163646708,1216.1850587960093,3067.2644751606804,403090.84527252335
585,5826.940698655734,6123.801369842184,11950.742068497919,88126.2580972693
586,11810.68490601985,9033.731552659247,20844.416458679094,7711469.926740697
587,22028.021337229664,25714.05624582113,47742.07758305079,13586853.34735491
588,25733.43993477496,22554.300300409082,48287.74023518404,10106928.814796008
589,29952.371034248958,26337.452589479817,56289.82362372878,13067635.362332141
590,3385.219661835167,3069.3824667445724,6454.60212857974,99753.13380269417
591,2708.661429923998,4670.417069783724,7379.078499707723,3848485.1905214437
592,16553.14984465223,11511.231399883089,28064.381244535318,25420941.603703286
593,2253.789631794257,1137.1152416130767,3390.9048734073335,1246961.6936865104
594,2131.9175281121934,2613.952436703662,4745.869964815855,232357.65310078548
595,48859.80075873755,45122.428502279334,93982.22926101688,13967951.383343555
596,12650.486581414345,10902.126368556374,23552.612949970717,3056763.433904771
597,19006.196185739307,23441.556704149596,42447.7528898889,19672422.928272787
598,36897.23139988309,34703.626521332524,71600.85792121562,4811902.363200829
599,41228.5567041496,43539.85822676794,84768.41493091754,5342114.728457831
600,30514.102586908204,31877.614783284615,62391.71737019282,1859165.5096672229
601,29107.49862501459,28712.754417650474,57820.25304266506,155822.98924752272
602,56782.24252682638,41064.39389924018,97846.63642606657,247050765.47971344
603,24652.788715137307,31607.381855639953,56260.17057077726,48366365.749926455
604,24109.77789374632,22866.987039742824,46976.76493348915,1544529.1067947366
605,13225.39359368787,11875.614477732286,25101.008071420154,1821903.6618698367
606,45694.88231396842,44672.173015195774,90367.0553291642,1045934.3097960307
607,38490.2184396259,33311.00929362942,71801.22773325532,26824207.377973657
608,14103.1492335476,12539.219050730533,26642.368284278135,2445877.616726223
609,55652.39389924018,54900.28947901811,110552.68337825828,565661.0589175803
610,68707.46371642312,65367.44024032727,134074.9039567504,11155756.820871443
611,38930.95152004673,34790.137801051984,73721.08932109871,17146338.25541509
612,20150.19588018699,22417.1492335476,42567.34511373459,5139077.506312907
613,20420.370423144337,20783.498319462273,41203.86874260661,131861.86908428944
614,35579.95213115136,33743.835972881345,69323.7881040327,3371322.5466602393
615,42565.80075873755,36395.64969187607,78961.45045061361,38070764.18789185
616,43829.289173465775,45173.28917346578,89002.57834693155,1806336.0000000196
617,44094.37011759201,62500.23048322616,106594.60060081817,338775695.7992221
618,52048.39389924019,50207.5100575102,102255.90395675038,3388853.3187425747
619,76571.04450777319,65035.707159906466,141606.75166767964,133064007.72908881
620,30277.97560724721,28750.1961857393,59028.17179298651,2334109.960783039
621,29521.114630508437,30461.242526826398,59982.35715733483,883840.4614352351
622,45100.5792635885,40658.20700713028,85758.78627071879,19734671.2649497
623,41635.40533173581,40576.47484336641,82211.88017510223,1121333.7791982528
624,51044.44024032727,54915.24252682638,105959.68276715366,14983110.341166772
625,60310.92865505549,54511.300605961405,114822.2292610169,33635685.50783885
626,8415.87027036817,8744.358685096402,17160.228955464572,107904.63861066687
627,49932.77697708938,65445.91630590294,115378.69328299232,240657491.83518198
628,59618.800147632915,49884.660818819364,109503.46096645229,94753468.47275473
629,34424.39328813554,38471.195880186984,72895.58916832253,16376611.219034262
630,35206.47484336643,38026.230483226136,73232.70532659256,7951021.868520631
631,24223.928349503178,26038.253653769694,50262.18200327287,3291776.309701788
632,27913.05624582113,23641.940087551113,51554.99633337224,18242433.237435244
633,1896.2777409701753,5567.405637288118,7463.683378258293,13477180.031123802
634,2691.382466744571,3048.0451188778306,5739.427585622401,127208.24742673055
635,72185.63764827584,78350.2425268264,150535.88017510224,38002353.30864949
636,65360.661124371676,69489.3006059614,134849.96173033307,17045663.96894145
637,3971.9867341905,8133.3469470484715,12105.333681238972,17316918.82115734
638,3648.81249678548,2339.753806545853,5988.566303331333,1713634.6544918881
639,6316.788409584999,4927.6259102279055,11244.414319812904,1929772.4496200457
640,5436.417069783726,6187.381855639945,11623.79892542367,563948.1095960761
641,56711.37042314433,64028.06798386906,120739.4384070134,53534063.19511521
642,55928.46341087081,55173.42819672702,111101.89160759783,570078.1745971598
643,16694.38277229689,17582.533839158365,34276.91661145525,788812.3175671772
644,29688.76615569841,32476.731247106927,62165.49740280534,7772749.350912505
645,35473.12667410868,37826.277740970174,73299.40441507885,5537319.943471386
646,34684.219356282854,38291.31234400932,72975.53170029217,13011119.822105432
647,29783.998472238436,32065.870575920497,61849.86904815893,5206940.297562393
648,27652.498319462284,26020.03338082991,53672.531700292195,2664941.7758639962
649,36445.11524161307,35297.62682688485,71742.74206849793,1316729.6619354857
650,27684.742679602536,30015.045118877828,57699.78779848036,5430309.458492377
651,24284.94039310343,23771.40563728812,48056.34603039155,263717.94543028803
652,16530.463716423117,20318.893440911714,36849.35715733483,14352199.777388744
653,6549.62621578022,8015.800758737557,14565.426974517777,2149667.790416155
654,11409.382161192261,12416.603045236678,23825.985206428937,1014493.9092552157
655,20808.90609561658,24167.824540385725,44976.73063600231,11282333.118610365
656,24269.591918293387,24256.649997428387,48526.241915721774,167.49331567591463
657,24392.69603296315,19231.707771011083,43624.40380397423,26635799.840007033
658,22653.184447691387,20512.602739684364,43165.787187375754,4582090.048654263
659,21390.300911513707,22333.358990648718,43723.65990216243,889358.5406218171
660,26509.021948334288,21263.184753243702,47772.20670157799,27518807.877395865
661,17771.7661556984,14896.487192518971,32668.253348217368,8267229.116102164
662,16045.719814611319,15624.638259380463,31670.35807399178,177309.67615563632
663,10620.428807831651,7970.998777790748,18591.427585622398,7019479.4840825405
664,8461.731247106934,6865.5335336060525,15327.264780712987,2547847.1405854435
665,14768.21966183516,19889.69633851547,34657.91600035063,26229523.34978039
666,17656.905790064273,18479.998777790744,36136.90456785502,677482.0664444895
667,16392.684906019855,15076.452283927512,31469.137189947367,1732468.3154600828
668,42396.0222538866,40486.0222538866,82882.0445077732,3648100.0
669,43319.10319801284,44964.44054587958,88283.54374389243,2707134.9882851634
670,28555.78963179426,31486.219967387482,60042.00959918174,8587421.951764995
671,27822.69664406778,24290.89435756866,52113.591001636436,12473627.390920399
672,7298.8708814728,5619.847710929258,12918.718592402058,2819118.807222087
673,5767.987345295134,6100.208229339545,11868.19557463468,110370.71579524993
674,4978.789631794251,4955.475760023362,9934.265391817615,543.5366169494507
675,4403.173320748082,4598.591918293378,9001.765239041459,38188.42826657021
676,41106.24283237871,57207.77758819401,98314.02042057272,259259421.49272808
677,60875.14923354761,52994.85853232026,113870.00776586786,62098981.53585024
678,12984.591612741064,15528.17301519577,28512.764627936835,6469806.350913455
679,43590.94039310343,44736.62652133253,88327.56691443597,1312596.704416584
680,113390.25395932201,109505.99816668611,222896.25212600813,15087443.062625548
681,28497.452589479817,47683.37072869664,76180.82331817645,368099454.84472907
682,28109.2894790181,19109.452589479813,47218.742068497915,80997064.03829421
683,23584.022253886604,23068.278046522493,46652.3003004091,265992.0874296346
684,28638.556704149603,26183.05685692575,54821.613561075355,6029479.499716375
685,22342.27804652248,20743.522101110437,43085.800147632915,2556020.572990352
686,17551.696032963147,15413.858837872562,32965.55487083571,4570347.8727127835
687,18156.707771011083,16200.998166686124,34357.7059376972,3824800.0564488857
688,28302.69633851547,40318.811885680865,68621.50822419634,144387032.8428299
689,20655.475760023357,18258.533839158375,38914.009599181736,5745330.5719999075
690,27515.52210111044,26951.452283927498,54466.97438503794,318174.75865679834
691,24574.208229339543,24440.464021975444,49014.67225131499,17887.513003451266
692,22705.696644067786,28615.40594284043,51321.102586908215,34924663.99599984
693,33395.16188825247,41974.859448977186,75370.02133722966,73611210.23350562
694,41218.16158270015,46542.48719251897,87760.64877521913,28348443.199372564
695,30350.347863705414,31303.69664406778,61654.04450777319,908873.8970184084
696,29729.185058796018,25006.754723202786,54735.93978199881,22301348.2745312
697,13630.022253886596,13836.882619520733,27466.90487340733,42791.21087028866
698,17220.01021028636,19115.614783284604,36335.624993570964,3593316.6971718525
699,21272.103198012835,18143.929266160125,39416.03246417296,9785472.147922847
700,30223.963563646957,31646.56813664521,61870.531700292166,2023803.7711155454
701,50362.474843366435,27680.196796843935,78042.67164021038,514485737.37975657
702,24332.475454471052,27924.766155698402,52257.241610169454,12904552.482124485
703,19862.987345295132,19717.185058796007,39580.172404091136,21258.306748373023
704,81493.0800274693,72147.53353360605,153640.61356107536,87339239.26895969
705,52979.463410870805,59282.39328813556,112261.85669900637,39726925.03771667
706,22923.661429924,23932.335820105185,46855.997250029184,1017424.0254073875
707,25301.533533606063,27628.405331735805,52929.93886534187,5414332.364931536
708,6551.277740970172,9728.731247106929,16280.008988077101,10096210.78366077
709,8452.85914342487,11017.975301694885,19470.834445119755,6579820.905417921
710,5060.382772296883,3329.8245403857204,8390.207312682604,2994831.794035488
711,16401.719814611315,16827.801064289866,33229.52087890118,181545.23132763582
712,2073.9292661601216,3122.3478637054204,5196.2771298655425,1099181.5556788512
713,1927.3126495616375,1301.8359728813343,3229.148622442972,391221.0730710365
714,25438.69664406778,26326.48749807129,51765.18414213907,788172.6004522808
715,795.9987777907465,2056.2894790180944,2852.2882568088407,1588332.6516001204
716,5633.172709643453,5426.602739684369,11059.775449327823,42671.152488896914
717,5638.091459964902,4294.009904734041,9932.101364698943,1806555.227111811
718,2819.3942047925016,184.74329070717226,3004.1374954996736,6941385.439090663
719,1483.3710342489585,1618.5338391583662,3101.904873407325,18268.9838309786
720,22259.87118702511,25942.19679684394,48202.06798386905,13559521.896727607
721,19260.45258947982,25922.359296201026,45182.81188568084,44381000.96905698
722,16368.009904734043,15274.312038457014,31642.321943191055,1196175.0226989258
723,60241.870270368185,66696.05594026881,126937.926210637,41656512.66155057
724,31361.207007130295,26841.707771011075,58202.91477814137,20425873.345282212
725,25985.85914342487,21650.475148918733,47636.3342923436,18795554.37981999
726,30153.126063004052,32628.28886791347,62781.41493091753,6126430.910807057
727,61290.45167282289,51254.70746545876,112545.15913828166,100716161.79564266
728,53365.77697708939,38745.18383658676,92110.96081367615,213761743.78011248
729,148907.61447773228,94455.61447773229,243363.22895546455,2965020303.9999986
730,18074.486886966657,16119.126368556372,34193.61325552303,3823434.7569577396
731,20518.184447691376,19696.207618234926,40214.3920659263,675645.9081632766
732,26692.47545447105,25599.557009701904,52292.03246417295,1194470.7269166047
733,27049.324082057243,33089.03338082989,60138.35746288713,36478088.41368077
734,25786.96356364696,28762.38216119225,54549.34572483921,8853115.830618376
735,61482.2425268264,60841.85883787255,122324.10136469894,410091.2690781421
736,61859.98673419049,67781.56783109289,129641.55456528338,35065122.68719186
737,47027.04511887784,45980.13810660431,93007.18322548215,1096014.2923474857
738,42173.8820084161,45396.57956914081,87570.46157755691,10385779.567901028
739,4865.800453185244,8051.928349503182,12917.728802688427,10151410.971695371
740,15412.358685096398,16519.184142139067,31931.542827235466,1225062.5923577128
741,28715.428196727018,34588.78871513731,63304.21691186432,34496363.779220775
742,22065.091765517227,28407.242832378695,50472.334597895926,40222880.15489206
743,5675.823929281096,3006.8242348334084,8682.648164114504,7123559.368961849
744,23192.07911081236,26221.067678316736,49413.146789129096,9174771.742072217
745,8211.928349503178,7616.626215780222,15828.5545652834,354384.6304151038
746,8734.742679602543,6527.126063004053,15261.868742606595,4873571.125881762
747,9811.7661556984,27884.987039742817,37696.75319544122,326641313.12345916
748,24932.42880783166,21012.789326241935,45945.2181340736,15363573.665636973
749,15480.277435417858,15190.451978375193,30670.72941379305,83998.79554998978
750,16577.358685096402,16752.823623728786,33330.182308825184,30787.94468926613
751,26253.25426487431,30885.382161192254,57138.636426066565,21456608.84784689
752,26460.428807831646,26052.812496785475,52513.24130461712,166151.05703088897
753,29825.695727410835,31173.55639859727,60999.252126008105,1816728.3889311445
754,32574.5211844535,38250.312038457014,70824.83322291051,32214601.81838993
755,17705.440240327272,13886.801064289864,31592.241304617135,14582005.156767655
756,11358.091459964902,14311.521795558123,25669.613255523025,8722750.747202285
757,121.35868509641077,1102.3469470484815,1223.7056321448922,962337.9700877445
758,19728.428502279337,19190.96356364696,38919.392065926295,288868.560259104
759,19765.27712986554,21295.75411209816,41061.0312419637,2342359.7931438666
760,29366.289479018098,31493.882619520726,60860.172098538824,4526652.5715138335
761,35873.01021028637,45041.114630508455,80914.12484079483,84054138.66009578
762,20133.637648275824,24539.753806545843,44673.39145482167,19413859.60016815
763,18493.649386323752,16469.393593687866,34963.04298001162,4097611.5140199387
764,4119.138106604299,3971.103198012833,8090.241304617131,21914.33416168352
765,3849.730941554621,4454.428502279345,8304.159443833965,365659.13994643086
766,16325.62621578022,20235.079416364668,36560.70563214489,15283824.327559989
767,23101.684600467546,23504.684294915227,46606.36889538277,162408.75372492397
768,23388.731247106938,18945.010515838665,42333.7417629456,19746653.937503435
769,23513.498930566908,18696.533839158375,42210.03276972528,23203152.69184841
770,12907.614477732286,11458.823623728786,24366.43810146107,2098994.938644192
771,12846.10319801283,13420.835667329025,26266.938865341857,330317.4112862915
772,4937.7890206896245,3110.033380829903,8047.822401519527,3340690.6790390206
773,3790.859143424871,3979.3821611922635,7770.241304617135,35540.92822812459
774,14603.487192518978,15886.405942840429,30489.89313535941,1645880.519926353
775,13916.731552659248,11287.056856925758,25203.788409585006,6915189.005381027
776,15372.812802337792,13780.719814611315,29153.53261694911,2534760.08156782
777,22331.056856925756,21374.06859497368,43705.12545189944,915826.533514055
778,21810.637953828147,5834.801064289868,27645.439018118013,255227364.32113212
779,4851.568442197524,7563.97530169489,12415.543743892413,7357150.971448364
780,17426.20822933954,25952.70777101108,43378.91600035062,72701194.43412496
781,19502.96386919928,14053.45228392751,33556.41615312679,29697176.51801124
782,2399.615088836916,3185.3592962010316,5584.974385037947,617393.9594062621
783,3398.0917655172193,4642.591612741064,8040.6833782582835,1548779.869740172
784,2788.591918293375,2809.4059428404266,5597.997861133801,433.22361784527317
785,3948.1733207480775,2832.4757600233597,6780.649080771437,1244781.0470070853
786,24091.184753243702,25427.324387609573,49518.509140853275,1785269.1225233627
787,18995.394204792505,19635.20792378723,38630.60212857973,409361.5950138629
788,31312.859143424866,32796.429113383965,64109.28825680883,2200979.8557644407
789,22649.871187025117,26444.6036563413,49094.47484336642,14399994.513682494
790,30895.963869199273,25704.847710929254,56600.81158012853,26947686.968652077
791,24853.71950905901,34671.277740970174,59524.997250029184,96384449.63696665
792,21701.498930566908,25093.010515838672,46794.50944640558,11502350.833032597
793,5507.649691876069,7045.475760023361,12553.125451899428,2364909.01587336
794,8129.859448977192,9638.312955113952,17768.172404091143,2275431.980176283
795,32089.289784570417,26123.859448977193,58213.14923354761,35586359.08881589
796,15460.777893746328,16376.103503565151,31836.88139731148,837820.9719902003
797,10209.684294915225,9619.70746545876,19829.391760373983,348072.65929550346
798,12917.939781998799,8444.218745178227,21362.158527177024,20014179.915290937
799,6401.370423144331,5594.161277147845,11995.531700292177,651586.605380376
800,37550.62652133253,31069.01021028635,68619.63673161888,42011350.00361992
801,32198.19588018701,46117.812191233155,78316.00807142016,193755718.24674192
802,34831.21966183515,36507.91722255989,71339.13688439503,2811314.7101402828
803,21167.161277147836,23760.405637288117,44927.566914435956,6724916.311399376
804,13853.172404091143,15544.253653769694,29397.426057860837,2859755.79301437
805,21323.231094330782,18966.510363062513,40289.74145739329,5554132.605189647
806,21010.358990648725,18119.184447691376,39129.5434383401,8358890.237844638
807,30650.49801390996,24915.45167282288,55565.94968673284,32890756.534416303
808,41313.05594026882,36156.04450777319,77469.10044804201,26594766.914890632
809,22312.62621578022,21639.300605961398,43951.92682174162,453367.3768378875
810,45640.219050730535,52616.69603296314,98256.91508369368,48671231.08362136
811,21185.91722255988,17951.544966101676,39137.46218866156,10461163.893346546
812,45138.88200841609,47534.33582010518,92673.21782852127,5738198.963935794
813,55857.23078877845,71383.47484336642,127240.70563214488,241064254.44262835
814,66711.83566732904,75305.8353617767,142017.67102910572,73856830.74816646
815,39983.893746464026,56901.5100575102,96885.40380397422,286205741.6477755
816,81418.0448133255,88913.76585014608,170331.81066347158,56185833.86183467
817,15637.334903448229,11585.288867913472,27222.6237713617,16419077.07409294
818,16145.521490005813,13983.486581414343,30129.008071420154,4674394.945968124
819,7023.451978375192,6529.998472238433,13553.450450613625,243496.36271866018
820,36392.8817028638,24971.487192518976,61364.36889538278,130448252.56093489
821,48563.67316797192,53183.41737533604,101747.09054330796,21342036.541474286
822,60704.44024032726,65404.835667329025,126109.2759076563,22093717.170179095
823,36061.12667410868,28853.835972881338,64914.96264699002,51945039.25199812
824,16918.673167971923,14911.580180245453,31830.253348217375,4028422.261380767
825,5444.346641496159,6277.0442022208845,11721.390843717043,693385.2276369086
826,5209.882008416102,5041.9172225598795,10251.799230975981,28212.16928772654
827,13624.719814611322,15395.847710929265,29020.567525540588,3136894.025115622
828,19635.20792378723,18840.0800274693,38475.28795125653,632228.37150298
829,2792.707465458764,2401.6957274108386,5194.403192869602,152890.17929125953
830,56765.4053317358,48648.89374646404,105414.29907819984,65877760.313850656
831,50909.64938632376,57039.533228053755,107949.18261437753,37575475.91310245
832,22757.300911513707,23285.195880187,46042.4967917007,278673.0979505761
833,15092.568747749836,12959.650302980703,28052.21905073054,4549341.092036378
834,26096.544966101672,28856.114936060756,54952.65990216243,7615226.41909998
835,25521.405637288113,23946.69633851547,49468.10197580358,2479709.3756410284
836,32738.39359368787,44469.172709643455,77207.56630333132,137611178.6673397
837,39791.56813664521,43081.96356364696,82873.53170029217,10826702.066034025
838,10876.940393103421,9387.905484511954,20264.845877615375,2217224.9590040003
839,6841.463716423123,8365.951825599032,15207.415542022154,2324063.995018738
840,43289.1847532437,44126.49862501458,87415.68337825828,701094.5198599398
841,48775.370423144326,45037.3472526008,93812.71767574512,13972817.223520298
842,5521.859143424872,7420.370728696649,12942.229872121521,3604346.2394111566
843,7030.975301694886,11275.184753243691,18306.160054938577,18013313.86861621
844,45635.730941554626,39474.61478328461,85110.34572483924,37959352.31569587
845,37636.42880783166,37080.53353360605,74716.96234143771,309019.55590636376
846,11649.777893746332,14964.289479018094,26614.067372764424,10985987.048900733
847,12716.161582700153,11635.382466744568,24351.54404944472,1168083.4974857369
848,59767.68460046754,52672.812496785475,112440.49709725301,50337210.16760596
849,48503.87057592049,54398.09145996491,102901.9620358854,34741839.829905406
850,11736.987039742822,13216.510363062516,24953.49740280534,2188989.2642469523
851,10113.091765517214,10658.440545879583,20771.532311396797,297405.29224272276
852,46420.62621578023,50295.730941554626,96716.35715733486,15016436.635719083
853,54476.080027469296,47583.766155698395,102059.84618316768,47503990.50700559
854,47806.684294915234,46898.974996142584,94705.65929105782,823936.1710783361
855,42499.20792378723,41785.661429923995,84284.86935371123,509148.59890451684
856,44004.021642781976,41840.044507773186,85844.06615055515,4682797.040840852
857,32846.2428323787,37241.754417650474,70087.99725002918,19320522.096258365
858,25623.25457042663,20443.19649129163,46066.45106171826,26833001.703211788
859,17924.207923787235,18834.649997428376,36758.85792121561,828904.7694559811
860,33834.10350356516,33632.812802337794,67466.91630590295,40517.94640060411
861,32396.30091151372,40939.41706978373,73335.71798129745,72984833.69369416
862,54649.09145996491,57677.77758819402,112326.86904815893,9172939.663327416
863,53377.754417650474,58359.52179555812,111737.27621320859,24818006.207584795
864,22275.951825599037,18176.451978375197,40452.40380397423,16805898.99738829
865,20259.46371642312,22670.684294915227,42930.148011338344,5813984.678143807
866,14220.417375336041,13951.068594973678,28171.485970309717,72548.76548269244
867,14339.557009701912,11723.847710929258,26063.40472063117,6841935.135685728
868,4074.929266160126,1749.8943575686537,5824.82362372878,5405787.326168955
869,1797.8128023377901,4380.754723202791,6178.567525540581,6671588.966561779
870,3871.6150888369193,1894.4871925189743,5766.102281355894,3909034.7183986227
871,22361.603350788995,18034.673167971927,40396.27651876092,18722324.80697335
872,16117.82423483341,20041.486886966657,36159.31112180007,15395128.607745308
873,1279.754723202787,2001.4291133839674,3281.1838365867543,520813.9254433785
874,18751.8128023378,19586.801369842175,38338.61417217998,697205.9078630054
875,20119.27804652248,21323.371034248954,41442.64908077143,1449839.9230920698
876,20585.62652133253,20396.265391817622,40981.89191315015,35857.637371162295
877,78591.28917346579,68367.11493606077,146958.40410952654,104533738.83681658
878,92775.81219123316,101393.84679427232,194169.65898550546,74270520.41918044
879,69370.96386919929,71207.59130718875,140578.55517638804,3373200.3459757287
880,62880.53353360605,66005.35899064872,128885.89252425477,9764534.1369819
881,80711.04420222087,40980.428807831646,121691.47301005252,1578521799.6168783
882,5870.2082293395515,5895.626826884842,11765.835056224394,646.10510116943
883,7235.429113383964,6276.754417650475,13512.18353103444,919057.1722396977
884,27230.859448977182,27204.219661835163,54435.079110812345,709.6782589721067
885,31218.99877779075,29185.1266741087,60404.125451899454,4136635.7341360613
886,14177.975607247208,12435.708076563396,26613.683683810603,3035496.148475067
887,27361.21966183515,32088.149539099923,59449.36920093508,22343866.06457834
888,26725.26630847456,26116.464021975433,52841.730330449995,370640.2240465675
889,17323.19588018699,12678.417069783725,30001.612949970717,21573970.19757118
890,14810.766155698399,17982.59161274106,32793.357768439455,10060476.729943888
891,22164.847405376946,22363.719509059003,44528.56691443595,39550.11362292685
892,21673.82423483341,20148.998777790744,41822.823012624154,2325092.674445373
893,34585.49893056691,28811.475760023364,63396.97469059027,33339343.573973715
894,38391.859143424874,34352.54527165397,72744.40441507884,16316056.554680824
895,51716.05685692575,49281.08002746928,100997.13688439503,5929112.159989888
896,44842.23139988308,45976.52210111045,90818.75350099354,1286615.3948908828
897,17483.358990648718,17004.114936060763,34487.473926709485,229674.86385790227
898,20128.324082057254,21012.81249678548,41141.136578842736,782319.7557884478
899,33829.78932624194,29726.672862419615,63556.46218866155,16835564.715689808
900,24438.56844219752,28723.88231396841,53162.45075616593,18363914.979592014
901,38235.31203845702,27519.114630508444,65754.42666896546,114836886.8861238
902,3574.6150888369216,1219.1384121566189,4793.75350099354,5548270.374384884
903,2420.278046522488,2108.2313998830878,4528.5094464055755,97373.10967889459
904,3134.6385649327735,3584.871187025115,6719.5097519578885,202709.41399614516
905,3429.3596017533455,2836.347863705415,6265.70746545876,351662.92146262736
906,25183.010515838672,36663.49862501459,61846.50914085326,131801607.2249296
907,33198.80106428988,24300.336125657494,57499.137189947374,79182678.2640699
908,28404.82423483341,29545.15015020454,57949.974385037945,1300343.1932670048
909,35722.52179555814,30923.440545879577,66645.96234143771,23031180.84101635
910,27044.672862419604,32418.835667329015,59463.50852974862,28881625.853671785
911,3505.510363062517,3845.9870397428126,7351.497402805329,115924.36736325844
912,3585.9175281121957,4351.359296201035,7937.2768243132305,585901.1003349689
913,15015.347863705418,13200.754723202786,28216.102586908204,3292748.265559202
914,45228.21935628284,22260.615394389224,67488.83475067206,527510831.7503913
915,13398.929266160127,16227.301217066022,29626.23048322615,7999687.892671222
916,27784.114630508444,28980.312344009322,56764.426974517766,1430888.9697847294
917,28766.812191233177,29108.32408205726,57875.13627329044,116630.37157424094
918,17291.1847532437,14897.452283927503,32188.637037171204,5729955.13465861
919,18697.44054587958,20933.393899240185,39630.83444511976,4999487.398404532
920,2553.11493606076,1002.3824667445751,3555.4974028053352,2404771.1913914727
921,5507.057162478066,5702.83627843365,11209.893440911716,38329.46224434986
922,5534.650302980701,6099.952436703663,11634.602739684364,319566.50239173364
923,9609.53383915837,10689.603656341307,20299.13749549968,1166550.8099895834
924,9460.126979661,9494.68490601985,18954.81188568085,1194.2502742236807
