I_1,I_2,area_1,area_2,bg_val,fractional_birth_area,date,run_no,temp,carbon,operator
325.10387596899227,306.9397217928903,645.0,647.0,198.59066388769128,0.5075431034482759,20181011,1,37,glucose,O2
364.2269938650307,327.0647948164147,326.0,463.0,198.59066388769128,0.45760233918128657,20181011,1,37,glucose,O2
293.01698513800426,288.7265306122449,471.0,490.0,198.59066388769128,0.4877384196185286,20181011,1,37,glucose,O2
325.66726618705036,298.1003717472119,556.0,538.0,198.59066388769128,0.48700410396716826,20181011,1,37,glucose,O2
280.0483870967742,266.76666666666665,372.0,390.0,198.59066388769128,0.47943037974683544,20181011,1,37,glucose,O2
331.3988764044944,301.57471264367814,534.0,609.0,198.59066388769128,0.45985401459854014,20181011,1,37,glucose,O2
319.72641509433964,317.4717741935484,530.0,496.0,198.59066388769128,0.5024449877750611,20181011,1,37,glucose,O2
312.75050301810865,306.0623916811092,497.0,577.0,198.59066388769128,0.4607142857142857,20181011,1,37,glucose,O2
276.49725776965266,282.8550724637681,547.0,414.0,198.59066388769128,0.5748633879781421,20181011,1,37,glucose,O2
259.84669811320754,245.52830188679246,424.0,424.0,198.59066388769128,0.5144356955380578,20181011,1,37,glucose,O2
230.57556935817806,225.88223552894212,483.0,501.0,198.59066388769128,0.49333333333333335,20181011,1,37,glucose,O2
241.2249134948097,230.02,289.0,350.0,198.59066388769128,0.44894651539708263,20181011,1,37,glucose,O2
233.66402116402116,236.16751269035532,378.0,394.0,198.59066388769128,0.42569659442724456,20181011,1,37,glucose,O2
267.39506172839504,281.2866894197952,405.0,293.0,198.59066388769128,0.5798045602605864,20181011,1,37,glucose,O2
275.82142857142856,278.5805860805861,588.0,546.0,198.59066388769128,0.5160919540229885,20181011,1,37,glucose,O2
262.4459770114943,275.0,435.0,373.0,198.59066388769128,0.5419440745672437,20181011,1,37,glucose,O2
253.79805352798053,256.42928039702235,411.0,403.0,198.59066388769128,0.504914004914005,20181011,1,37,glucose,O2
279.64066193853427,259.00502512562815,423.0,398.0,198.59066388769128,0.5027173913043478,20181011,1,37,glucose,O2
331.02141327623127,325.0411622276029,467.0,413.0,198.59066388769128,0.5347467608951708,20181011,1,37,glucose,O2
275.5645645645646,269.2686567164179,333.0,335.0,198.59066388769128,0.49238578680203043,20181011,1,37,glucose,O2
277.94565217391306,252.22881355932202,276.0,354.0,198.59066388769128,0.42995169082125606,20181011,1,37,glucose,O2
313.7934065934066,305.0248447204969,455.0,483.0,198.59066388769128,0.48507462686567165,20181011,1,37,glucose,O2
334.88775510204084,301.30917874396135,490.0,414.0,198.59066388769128,0.5705445544554455,20181011,1,37,glucose,O2
274.41076487252127,262.66887417218544,353.0,302.0,198.59066388769128,0.5389312977099237,20181011,1,37,glucose,O2
275.1302521008403,285.5801886792453,476.0,424.0,198.59066388769128,0.5388127853881278,20181011,1,37,glucose,O2
287.6141304347826,301.9269841269841,368.0,315.0,198.59066388769128,0.5542949756888168,20181011,1,37,glucose,O2
283.0287539936102,282.41830065359477,313.0,306.0,198.59066388769128,0.5023328149300156,20181011,1,37,glucose,O2
262.7934131736527,245.525,334.0,400.0,198.59066388769128,0.44963503649635034,20181011,1,37,glucose,O2
292.6392251815981,286.8867924528302,413.0,371.0,198.59066388769128,0.5160349854227405,20181011,1,37,glucose,O2
291.35869565217394,279.60813704496786,368.0,467.0,198.59066388769128,0.46611570247933887,20181011,1,37,glucose,O2
253.25454545454545,252.4538043478261,275.0,368.0,198.59066388769128,0.40630797773654914,20181011,1,37,glucose,O2
242.51008645533142,235.98071625344352,347.0,363.0,198.59066388769128,0.4969604863221885,20181011,1,37,glucose,O2
285.01149425287355,276.95677233429393,348.0,347.0,198.59066388769128,0.47962382445141066,20181011,1,37,glucose,O2
267.61469933184856,264.60732984293196,449.0,382.0,198.59066388769128,0.5424739195230999,20181011,1,37,glucose,O2
292.92634560906515,311.7253086419753,353.0,324.0,198.59066388769128,0.5225375626043406,20181011,1,37,glucose,O2
298.78809523809525,293.420054200542,420.0,369.0,198.59066388769128,0.5085910652920962,20181011,1,37,glucose,O2
294.5008576329331,270.59133126934984,583.0,323.0,198.59066388769128,0.6434878587196468,20181011,1,37,glucose,O2
288.68470588235294,264.57954545454544,425.0,528.0,198.59066388769128,0.4524765729585007,20181011,1,37,glucose,O2
311.3606060606061,327.4188034188034,330.0,468.0,198.59066388769128,0.5246422893481717,20181011,1,37,glucose,O2
280.80428134556576,287.4005681818182,327.0,352.0,198.59066388769128,0.4761061946902655,20181011,1,37,glucose,O2
289.9661971830986,313.54125412541254,355.0,303.0,198.59066388769128,0.537890044576523,20181011,1,37,glucose,O2
251.93513513513514,255.09923664122138,370.0,393.0,198.59066388769128,0.49538866930171277,20181011,1,37,glucose,O2
288.90575916230364,280.66041275797375,573.0,533.0,197.49934078587287,0.5270655270655271,20181011,1,37,glucose,O2
276.6800847457627,289.1111111111111,472.0,441.0,197.49934078587287,0.4748858447488584,20181011,1,37,glucose,O2
297.4054054054054,283.0487012987013,296.0,308.0,197.49934078587287,0.4825174825174825,20181011,1,37,glucose,O2
265.7152619589977,266.5632183908046,439.0,435.0,197.49934078587287,0.4941569282136895,20181011,1,37,glucose,O2
314.5684210526316,308.0814696485623,665.0,626.0,197.49934078587287,0.5396341463414634,20181011,1,37,glucose,O2
301.2987012987013,279.63752665245204,462.0,469.0,197.49934078587287,0.5038639876352395,20181011,1,37,glucose,O2
324.95,355.8164383561644,340.0,365.0,197.49934078587287,0.47302158273381295,20181011,1,37,glucose,O2
279.03350515463916,264.2017353579176,388.0,461.0,197.49934078587287,0.45797598627787306,20181011,1,37,glucose,O2
252.87818181818182,243.0984308131241,550.0,701.0,197.49934078587287,0.5116959064327485,20181011,1,37,glucose,O2
277.88861386138615,260.7837837837838,404.0,407.0,197.49934078587287,0.504424778761062,20181011,1,37,glucose,O2
310.28682170542635,318.29940119760477,516.0,501.0,197.49934078587287,0.5170998632010944,20181011,1,37,glucose,O2
346.8333333333333,362.91253644314867,402.0,343.0,197.49934078587287,0.5419440745672437,20181011,1,37,glucose,O2
265.98870056497174,291.28387096774196,531.0,465.0,197.49934078587287,0.5206258890469416,20181011,1,37,glucose,O2
292.8682008368201,280.0042016806723,478.0,476.0,197.49934078587287,0.5006858710562414,20181011,1,37,glucose,O2
274.09005628517826,263.85132743362834,533.0,565.0,197.49934078587287,0.5225718194254446,20181011,1,37,glucose,O2
295.2585278276481,306.7614314115308,557.0,503.0,197.49934078587287,0.5014084507042254,20181011,1,37,glucose,O2
262.2700729927007,252.27642276422765,274.0,369.0,197.49934078587287,0.4236453201970443,20181011,1,37,glucose,O2
281.039886039886,277.8519553072626,351.0,358.0,197.49934078587287,0.4865979381443299,20181011,1,37,glucose,O2
306.1129476584022,288.5028901734104,363.0,346.0,197.49934078587287,0.49166666666666664,20181011,1,37,glucose,O2
308.7578692493947,300.6854219948849,413.0,391.0,197.49934078587287,0.513681592039801,20181011,1,37,glucose,O2
295.75067024128685,292.9185750636132,373.0,393.0,197.49934078587287,0.5224963715529753,20181011,1,37,glucose,O2
234.7826086956522,237.74319727891157,483.0,588.0,197.49934078587287,0.44712182061579653,20181011,1,37,glucose,O2
261.8212290502793,271.6376811594203,358.0,276.0,197.49934078587287,0.5648994515539305,20181011,1,37,glucose,O2
262.77464788732397,268.017094017094,355.0,351.0,197.49934078587287,0.5313059033989267,20181011,1,37,glucose,O2
279.41960784313727,282.35135135135135,255.0,259.0,197.49934078587287,0.49015748031496065,20181011,1,37,glucose,O2
295.4474226804124,303.35135135135135,485.0,370.0,197.49934078587287,0.5527950310559007,20181011,1,37,glucose,O2
302.2541966426858,292.50985221674875,417.0,406.0,197.49934078587287,0.4694835680751174,20181011,1,37,glucose,O2
266.3132911392405,262.67385444743934,316.0,371.0,197.49934078587287,0.46511627906976744,20181011,1,37,glucose,O2
276.66785714285714,262.3619047619048,280.0,315.0,197.49934078587287,0.44991511035653653,20181011,1,37,glucose,O2
327.9895833333333,321.5512367491166,288.0,283.0,197.49934078587287,0.4973821989528796,20181011,1,37,glucose,O2
365.01171875,301.78761061946904,256.0,339.0,197.49934078587287,0.42758620689655175,20181011,1,37,glucose,O2
287.39784946236557,323.1969696969697,372.0,330.0,197.49934078587287,0.5368248772504092,20181011,1,37,glucose,O2
318.6598837209302,293.00588235294117,344.0,340.0,197.49934078587287,0.5094066570188133,20181011,1,37,glucose,O2
242.93817204301075,247.7939814814815,372.0,432.0,197.49934078587287,0.4718543046357616,20181011,1,37,glucose,O2
275.07964601769913,281.69867549668874,339.0,302.0,197.49934078587287,0.5490196078431373,20181011,1,37,glucose,O2
315.90181818181816,290.37370242214536,275.0,289.0,197.49934078587287,0.48484848484848486,20181011,1,37,glucose,O2
284.18975903614455,267.7879746835443,332.0,316.0,197.49934078587287,0.5339506172839507,20181011,1,37,glucose,O2
273.5960264900662,259.73333333333335,302.0,360.0,197.49934078587287,0.4767616191904048,20181011,1,37,glucose,O2
267.12224938875306,300.9659442724458,409.0,323.0,197.49934078587287,0.5629322268326418,20181011,1,37,glucose,O2
284.42245989304814,301.3942028985507,374.0,345.0,197.49934078587287,0.519672131147541,20181011,1,37,glucose,O2
266.13666666666666,255.07836990595612,600.0,638.0,197.49934078587287,0.4807692307692308,20181011,1,37,glucose,O2
303.1766917293233,306.2743902439024,266.0,328.0,197.49934078587287,0.4502529510961214,20181011,1,37,glucose,O2
346.07798165137615,347.93416572077183,436.0,881.0,197.49934078587287,0.3432343234323432,20181011,1,37,glucose,O2
330.51428571428573,316.05801104972375,245.0,362.0,197.49934078587287,0.40362438220757824,20181011,1,37,glucose,O2
290.73821989528795,281.95676691729324,573.0,532.0,198.077963177181,0.5517241379310345,20181011,1,37,glucose,O2
310.98950131233596,319.7004830917874,381.0,414.0,198.077963177181,0.49779086892488955,20181011,1,37,glucose,O2
294.60869565217394,303.0556745182013,506.0,467.0,198.077963177181,0.5311203319502075,20181011,1,37,glucose,O2
291.1728110599078,285.17124735729385,434.0,473.0,198.077963177181,0.4714828897338403,20181011,1,37,glucose,O2
256.2403258655805,262.53430353430355,491.0,481.0,198.077963177181,0.5240715268225584,20181011,1,37,glucose,O2
319.5391923990499,304.8492871690428,421.0,491.0,198.077963177181,0.469910371318822,20181011,1,37,glucose,O2
308.05649717514126,308.31940298507465,354.0,335.0,198.077963177181,0.5100286532951289,20181011,1,37,glucose,O2
290.2042755344418,267.6546275395034,421.0,443.0,198.077963177181,0.49050632911392406,20181011,1,37,glucose,O2
289.38757396449705,283.75792507204613,338.0,347.0,198.077963177181,0.4877250409165303,20181011,1,37,glucose,O2
256.2570281124498,267.33809523809526,498.0,420.0,198.077963177181,0.5196428571428572,20181011,1,37,glucose,O2
276.9196675900277,259.05458515283846,361.0,458.0,198.077963177181,0.42729970326409494,20181011,1,37,glucose,O2
269.8330058939096,282.8577494692144,509.0,471.0,198.077963177181,0.5375,20181011,1,37,glucose,O2
266.0978835978836,270.8953488372093,378.0,344.0,198.077963177181,0.5068078668683812,20181011,1,37,glucose,O2
286.276295133438,295.03938356164383,637.0,584.0,198.077963177181,0.49938800489596086,20181011,1,37,glucose,O2
296.07004830917873,302.6946386946387,414.0,429.0,198.077963177181,0.48027210884353744,20181011,1,37,glucose,O2
242.84013050570962,252.11711711711712,613.0,555.0,198.077963177181,0.5381944444444444,20181011,1,37,glucose,O2
257.11027568922304,269.1658767772512,399.0,422.0,198.077963177181,0.5029940119760479,20181011,1,37,glucose,O2
260.7145708582834,283.80049261083747,501.0,406.0,198.077963177181,0.5087014725568942,20181011,1,37,glucose,O2
314.44580777096115,314.54791154791155,489.0,407.0,198.077963177181,0.5105421686746988,20181011,1,37,glucose,O2
238.4064748201439,247.3182751540041,556.0,487.0,198.077963177181,0.5284030010718114,20181011,1,37,glucose,O2
252.47002398081534,251.96118721461187,417.0,438.0,198.077963177181,0.48771929824561405,20181011,1,37,glucose,O2
261.659793814433,259.3827956989247,485.0,465.0,198.077963177181,0.5318595578673602,20181011,1,37,glucose,O2
364.6050724637681,362.4609929078014,276.0,282.0,198.077963177181,0.5375,20181011,1,37,glucose,O2
326.2482014388489,280.8595988538682,278.0,349.0,198.077963177181,0.5141776937618148,20181011,1,37,glucose,O2
269.5931899641577,258.58166666666665,558.0,600.0,198.077963177181,0.46865671641791046,20181011,1,37,glucose,O2
249.4512195121951,268.6326530612245,410.0,343.0,198.077963177181,0.528158295281583,20181011,1,37,glucose,O2
274.910411622276,289.54782608695655,413.0,345.0,198.077963177181,0.5561959654178674,20181011,1,37,glucose,O2
256.6923076923077,258.6010638297872,273.0,376.0,198.077963177181,0.4478632478632479,20181011,1,37,glucose,O2
250.0261437908497,259.62314049586774,612.0,605.0,198.077963177181,0.5005973715651135,20181011,1,37,glucose,O2
276.93052109181144,291.2454780361757,403.0,387.0,198.077963177181,0.5101265822784811,20181011,1,37,glucose,O2
290.67294520547944,288.4288052373159,584.0,611.0,198.077963177181,0.4752186588921283,20181011,1,37,glucose,O2
291.35799522673034,277.4436274509804,419.0,408.0,198.077963177181,0.519053876478318,20181011,1,37,glucose,O2
293.4862842892768,268.1319910514541,401.0,447.0,198.077963177181,0.46335078534031415,20181011,1,37,glucose,O2
295.2736418511066,261.25738396624473,497.0,474.0,198.077963177181,0.5241157556270096,20181011,1,37,glucose,O2
270.48302872062663,276.142091152815,383.0,373.0,198.077963177181,0.505922165820643,20181011,1,37,glucose,O2
264.1287671232877,259.6616541353383,365.0,399.0,198.077963177181,0.44952681388012616,20181011,1,37,glucose,O2
296.49860724233986,321.62847222222223,359.0,288.0,198.077963177181,0.5533834586466165,20181011,1,37,glucose,O2
277.92367906066534,281.8455114822547,511.0,479.0,198.077963177181,0.5321212121212121,20181011,1,37,glucose,O2
269.10971223021585,267.67625899280574,556.0,556.0,198.077963177181,0.505420054200542,20181011,1,37,glucose,O2
273.708446866485,283.31475409836065,367.0,305.0,198.077963177181,0.547112462006079,20181011,1,37,glucose,O2
284.37113402061857,304.46451612903223,291.0,310.0,198.077963177181,0.46452702702702703,20181011,1,37,glucose,O2
261.1837708830549,261.2247838616715,419.0,347.0,198.077963177181,0.5510204081632653,20181011,1,37,glucose,O2
257.6875,249.92658227848102,320.0,395.0,198.077963177181,0.45638629283489096,20181011,1,37,glucose,O2
300.850863422292,318.39300411522635,637.0,486.0,198.077963177181,0.5366178428761651,20181011,1,37,glucose,O2
283.2955223880597,298.6813880126183,335.0,317.0,198.077963177181,0.5138036809815951,20181011,1,37,glucose,O2
244.24936386768448,258.15238095238095,393.0,315.0,198.077963177181,0.5474137931034483,20181011,1,37,glucose,O2
260.96918767507003,265.6825396825397,357.0,378.0,198.077963177181,0.4776725304465494,20181011,1,37,glucose,O2
251.62041884816753,266.92283950617286,382.0,324.0,198.077963177181,0.5410764872521246,20181011,1,37,glucose,O2
265.11392405063293,255.12868632707776,395.0,373.0,198.077963177181,0.5079155672823219,20181011,1,37,glucose,O2
260.6341463414634,260.5069637883008,328.0,359.0,198.077963177181,0.48663101604278075,20181011,1,37,glucose,O2
253.90718562874252,254.9578947368421,334.0,380.0,198.077963177181,0.4493464052287582,20181011,1,37,glucose,O2
281.81564245810057,297.42758620689654,358.0,290.0,198.077963177181,0.5524691358024691,20181011,1,37,glucose,O2
287.8018575851393,272.2133995037221,323.0,403.0,198.077963177181,0.44731977818853974,20181011,1,37,glucose,O2
303.7842465753425,290.853125,292.0,320.0,198.077963177181,0.46921797004991683,20181011,1,37,glucose,O2
254.54012345679013,268.589552238806,324.0,268.0,198.077963177181,0.5393053016453382,20181011,1,37,glucose,O2
307.85164835164835,285.83240223463685,364.0,358.0,198.077963177181,0.5014577259475219,20181011,1,37,glucose,O2
299.2111801242236,316.81786941580754,322.0,291.0,198.077963177181,0.5252854812398042,20181011,1,37,glucose,O2
254.64473684210526,248.9882005899705,304.0,339.0,198.077963177181,0.4727838258164852,20181011,1,37,glucose,O2
244.17480719794344,253.41095890410958,389.0,292.0,198.077963177181,0.5555555555555556,20181011,1,37,glucose,O2
278.573883161512,297.5408560311284,291.0,257.0,199.61325740857953,0.513953488372093,20181011,1,37,glucose,O2
274.14761904761906,251.044921875,420.0,512.0,199.61325740857953,0.4507227332457293,20181011,1,37,glucose,O2
261.4173228346457,265.122905027933,381.0,358.0,199.61325740857953,0.5158730158730159,20181011,1,37,glucose,O2
266.92512077294685,266.4574468085106,414.0,376.0,199.61325740857953,0.5515370705244123,20181011,1,37,glucose,O2
252.4609571788413,258.3173803526448,397.0,397.0,199.61325740857953,0.5017182130584192,20181011,1,37,glucose,O2
247.31632653061226,264.0068493150685,490.0,438.0,199.61325740857953,0.5287958115183246,20181011,1,37,glucose,O2
264.4595185995624,252.94612068965517,457.0,464.0,199.61325740857953,0.4444444444444444,20181011,1,37,glucose,O2
277.12631578947367,281.3879781420765,380.0,366.0,199.61325740857953,0.5261437908496732,20181011,1,37,glucose,O2
306.8098360655738,304.32418524871355,610.0,583.0,199.61325740857953,0.523224043715847,20181011,1,37,glucose,O2
251.8378812199037,254.8655834564254,623.0,677.0,199.61325740857953,0.5031446540880503,20181011,1,37,glucose,O2
282.92424242424244,272.82034976152624,462.0,629.0,199.61325740857953,0.4849624060150376,20181011,1,37,glucose,O2
238.87791741472174,251.96167883211677,557.0,548.0,199.61325740857953,0.5146666666666667,20181011,1,37,glucose,O2
291.2217391304348,258.0060975609756,460.0,656.0,199.61325740857953,0.46676737160120846,20181011,1,37,glucose,O2
285.17596566523605,279.7310344827586,466.0,435.0,199.61325740857953,0.5305785123966942,20181011,1,37,glucose,O2
303.5761904761905,283.0376569037657,420.0,478.0,199.61325740857953,0.4623287671232877,20181011,1,37,glucose,O2
286.2386058981233,292.94407894736844,373.0,304.0,199.61325740857953,0.5530546623794212,20181011,1,37,glucose,O2
279.7072463768116,276.1779359430605,345.0,281.0,199.61325740857953,0.5323624595469255,20181011,1,37,glucose,O2
289.5967365967366,268.5128205128205,429.0,585.0,199.61325740857953,0.4457831325301205,20181011,1,37,glucose,O2
294.6818923327896,300.2083333333333,613.0,648.0,199.61325740857953,0.4909862142099682,20181011,1,37,glucose,O2
289.7004405286344,284.2626506024096,454.0,415.0,199.61325740857953,0.4812286689419795,20181011,1,37,glucose,O2
334.35665529010237,298.3563748079877,586.0,651.0,199.61325740857953,0.4892966360856269,20181011,1,37,glucose,O2
267.09546539379477,270.99142857142857,419.0,350.0,199.61325740857953,0.5431893687707641,20181011,1,37,glucose,O2
264.33513513513515,254.4688221709007,370.0,433.0,199.61325740857953,0.503584229390681,20181011,1,37,glucose,O2
259.03977272727275,247.4032697547684,352.0,367.0,199.61325740857953,0.5302491103202847,20181011,1,37,glucose,O2
259.1687116564417,262.2004555808656,326.0,439.0,199.61325740857953,0.4164305949008499,20181011,1,37,glucose,O2
238.3829401088929,237.65102040816328,551.0,490.0,199.61325740857953,0.5296735905044511,20181011,1,37,glucose,O2
309.3732876712329,315.958064516129,292.0,310.0,199.61325740857953,0.49833333333333335,20181011,1,37,glucose,O2
306.8967551622419,299.86079545454544,339.0,352.0,199.61325740857953,0.4943639291465378,20181011,1,37,glucose,O2
269.95503211991434,280.14629258517033,467.0,499.0,199.61325740857953,0.49033816425120774,20181011,1,37,glucose,O2
284.75529411764705,283.51659751037346,425.0,482.0,199.61325740857953,0.4660734149054505,20181011,1,37,glucose,O2
271.32183908045977,272.50943396226415,435.0,371.0,199.61325740857953,0.5450516986706057,20181011,1,37,glucose,O2
294.0895061728395,283.2332506203474,324.0,403.0,199.61325740857953,0.44567219152854515,20181011,1,37,glucose,O2
229.01315789473685,237.10615711252655,380.0,471.0,199.61325740857953,0.4806547619047619,20181011,1,37,glucose,O2
279.8484848484849,274.11803278688524,297.0,305.0,199.61325740857953,0.49335548172757476,20181011,1,37,glucose,O2
310.2962962962963,285.7852941176471,270.0,340.0,199.61325740857953,0.4497528830313015,20181011,1,37,glucose,O2
281.44257703081234,267.8406862745098,357.0,408.0,199.61325740857953,0.4698275862068966,20181011,1,37,glucose,O2
271.46944444444443,283.9945848375451,720.0,554.0,199.61325740857953,0.5723809523809524,20181011,1,37,glucose,O2
279.5230263157895,272.4432132963989,304.0,361.0,199.61325740857953,0.4527439024390244,20181011,1,37,glucose,O2
305.87810945273634,301.4261363636364,402.0,352.0,199.61325740857953,0.5318246110325319,20181011,1,37,glucose,O2
289.6868131868132,280.7321937321937,364.0,351.0,199.61325740857953,0.49848024316109424,20181011,1,37,glucose,O2
226.5178947368421,230.3340807174888,475.0,446.0,199.61325740857953,0.5059445178335535,20181011,1,37,glucose,O2
290.0688935281837,303.2926829268293,479.0,410.0,199.61325740857953,0.5429864253393665,20181011,1,37,glucose,O2
305.80392156862746,290.1032863849765,357.0,426.0,199.61325740857953,0.44605475040257647,20181011,1,37,glucose,O2
307.7888198757764,305.12666666666667,322.0,300.0,199.61325740857953,0.5137457044673539,20181011,1,37,glucose,O2
271.0557184750733,268.3058103975535,341.0,327.0,199.61325740857953,0.5075757575757576,20181011,1,37,glucose,O2
281.4809286898839,283.7,603.0,560.0,199.61325740857953,0.5066505441354293,20181011,1,37,glucose,O2
302.8333333333333,294.0733695652174,426.0,368.0,199.61325740857953,0.5213815789473685,20181011,1,37,glucose,O2
253.88174273858922,256.59452736318406,482.0,402.0,199.61325740857953,0.512280701754386,20181011,1,37,glucose,O2
261.3401534526854,264.54009433962267,391.0,424.0,199.61325740857953,0.47639484978540775,20181011,1,37,glucose,O2
239.82231404958677,226.06334841628959,484.0,442.0,199.61325740857953,0.5237410071942447,20181011,1,37,glucose,O2
261.22846441947564,247.40298507462686,267.0,335.0,199.61325740857953,0.4435215946843854,20181011,1,37,glucose,O2
275.56447688564475,292.4610778443114,411.0,334.0,199.61325740857953,0.5765230312035661,20181011,1,37,glucose,O2
253.1900826446281,261.90712074303406,363.0,323.0,199.61325740857953,0.5205696202531646,20181011,1,37,glucose,O2
270.11027568922304,280.4692082111437,399.0,341.0,199.61325740857953,0.5342281879194631,20181011,1,37,glucose,O2
290.66329966329965,320.61080074487893,594.0,537.0,199.61325740857953,0.5058201058201058,20181011,1,37,glucose,O2
230.1780487804878,226.52705410821645,410.0,499.0,199.61325740857953,0.4525,20181011,1,37,glucose,O2
236.03426791277258,231.8167115902965,321.0,371.0,199.61325740857953,0.4663677130044843,20181011,1,37,glucose,O2
287.4281045751634,283.6389891696751,306.0,277.0,199.61325740857953,0.5299295774647887,20181011,1,37,glucose,O2
274.94920634920635,291.2150943396226,315.0,265.0,199.61325740857953,0.5418118466898955,20181011,1,37,glucose,O2
317.03430079155675,329.68562874251495,379.0,334.0,199.61325740857953,0.5271428571428571,20181011,1,37,glucose,O2
223.12722646310434,224.63440860215053,393.0,372.0,199.61325740857953,0.5269168026101142,20181011,1,37,glucose,O2
298.6219239373602,282.1333333333333,447.0,450.0,198.77059782093758,0.5094890510948905,20181011,1,37,glucose,O2
313.63128491620114,297.23341523341526,358.0,407.0,198.77059782093758,0.4636627906976744,20181011,1,37,glucose,O2
272.9601677148847,288.27858627858626,477.0,481.0,198.77059782093758,0.5173978819969742,20181011,1,37,glucose,O2
285.2175572519084,257.70323741007195,524.0,556.0,198.77059782093758,0.4778481012658228,20181011,1,37,glucose,O2
268.0330827067669,270.32512315270935,665.0,609.0,198.77059782093758,0.5588888888888889,20181011,1,37,glucose,O2
297.82293762575455,297.2289156626506,497.0,415.0,198.77059782093758,0.4691358024691358,20181011,1,37,glucose,O2
333.3733075435203,285.6521739130435,517.0,667.0,198.77059782093758,0.4094076655052265,20181011,1,37,glucose,O2
325.33971291866027,332.6084142394822,418.0,309.0,198.77059782093758,0.5051975051975052,20181011,1,37,glucose,O2
283.6320754716981,264.5919395465995,318.0,397.0,198.77059782093758,0.46495726495726497,20181011,1,37,glucose,O2
259.88832487309645,267.8875305623472,394.0,409.0,198.77059782093758,0.48175182481751827,20181011,1,37,glucose,O2
261.2480818414322,272.7286135693215,391.0,339.0,198.77059782093758,0.5441176470588235,20181011,1,37,glucose,O2
248.67484662576686,249.58187134502924,326.0,342.0,198.77059782093758,0.48929159802306427,20181011,1,37,glucose,O2
265.2936170212766,272.9835680751174,470.0,426.0,198.77059782093758,0.5522388059701493,20181011,1,37,glucose,O2
270.24,279.25581395348837,350.0,387.0,198.77059782093758,0.45171849427168576,20181011,1,37,glucose,O2
255.8801089918256,247.1712846347607,367.0,397.0,198.77059782093758,0.4812925170068027,20181011,1,37,glucose,O2
274.7020725388601,271.3316062176166,386.0,386.0,198.77059782093758,0.532258064516129,20181011,1,37,glucose,O2
302.375,288.8278008298755,496.0,482.0,198.77059782093758,0.5238095238095238,20181011,1,37,glucose,O2
238.61708860759492,242.69056603773586,316.0,265.0,198.77059782093758,0.5301204819277109,20181011,1,37,glucose,O2
243.04532577903683,233.6076923076923,353.0,390.0,198.77059782093758,0.46846846846846846,20181011,1,37,glucose,O2
290.4634146341463,313.50798722044726,328.0,313.0,198.77059782093758,0.5382215288611545,20181011,1,37,glucose,O2
296.7198795180723,292.90342679127724,332.0,321.0,198.77059782093758,0.5084226646248086,20181011,1,37,glucose,O2
307.1660516605166,289.0,271.0,287.0,198.77059782093758,0.48566308243727596,20181011,1,37,glucose,O2
295.064406779661,302.36426116838487,295.0,291.0,198.77059782093758,0.4903339191564148,20181011,1,37,glucose,O2
300.41512605042016,293.49300155520996,595.0,643.0,198.77059782093758,0.48805815160955346,20181011,1,37,glucose,O2
285.7346278317152,275.11877394636014,309.0,261.0,198.77059782093758,0.5286885245901639,20181011,1,37,glucose,O2
254.21475054229936,248.10805084745763,461.0,472.0,198.77059782093758,0.5287162162162162,20181011,1,37,glucose,O2
246.9976851851852,261.5820105820106,432.0,378.0,198.77059782093758,0.5026455026455027,20181011,1,37,glucose,O2
291.0688524590164,298.4095238095238,305.0,315.0,198.77059782093758,0.4925864909390445,20181011,1,37,glucose,O2
272.9812834224599,278.80169971671387,374.0,353.0,198.77059782093758,0.5044378698224852,20181011,1,37,glucose,O2
287.1436170212766,272.3509234828496,376.0,379.0,198.77059782093758,0.5206106870229008,20181011,1,37,glucose,O2
306.87702265372167,289.33887043189367,309.0,301.0,198.77059782093758,0.5033444816053512,20181011,1,37,glucose,O2
266.0527777777778,299.18380062305295,360.0,321.0,198.77059782093758,0.514866979655712,20181011,1,37,glucose,O2
258.8308080808081,261.81994459833794,396.0,361.0,198.77059782093758,0.523117569352708,20181011,1,37,glucose,O2
308.0,290.3290816326531,310.0,392.0,198.77059782093758,0.4362745098039216,20181011,1,37,glucose,O2
319.9919786096257,299.1479591836735,374.0,392.0,198.77059782093758,0.4944,20181011,1,37,glucose,O2
272.38692098092645,266.4156626506024,734.0,664.0,198.77059782093758,0.5251533742331288,20181011,1,37,glucose,O2
262.1741573033708,272.36842105263156,356.0,285.0,198.77059782093758,0.5247349823321554,20181011,1,37,glucose,O2
263.64835164835165,256.75920679886684,273.0,353.0,198.77059782093758,0.43781942078364566,20181011,1,37,glucose,O2
297.2985915492958,303.7251552795031,710.0,644.0,198.77059782093758,0.516100957354221,20181011,1,37,glucose,O2
250.3141993957704,259.2763636363636,331.0,275.0,198.77059782093758,0.5454545454545454,20181011,1,37,glucose,O2
241.90267639902677,267.1685082872928,411.0,362.0,198.77059782093758,0.5355263157894737,20181011,1,37,glucose,O2
259.2643312101911,264.91150442477874,314.0,339.0,198.77059782093758,0.47783251231527096,20181011,1,37,glucose,O2
282.8449197860963,285.1005434782609,374.0,368.0,198.77059782093758,0.5027624309392266,20181011,1,37,glucose,O2
285.58045977011494,273.06590257879657,348.0,349.0,198.77059782093758,0.4612794612794613,20181011,1,37,glucose,O2
256.793893129771,261.69476744186045,393.0,344.0,198.77059782093758,0.5332428765264586,20181011,1,37,glucose,O2
279.571875,257.21204188481676,320.0,382.0,198.77059782093758,0.4520743919885551,20181011,1,37,glucose,O2
280.5015384615385,260.96866096866097,325.0,351.0,198.77059782093758,0.4808823529411765,20181011,1,37,glucose,O2
258.7139175257732,254.5558583106267,388.0,367.0,198.77059782093758,0.5047106325706595,20181011,1,37,glucose,O2
264.4457831325301,265.62535211267607,415.0,355.0,198.77059782093758,0.538961038961039,20181011,1,37,glucose,O2
285.4097421203438,269.97206703910615,349.0,358.0,198.77059782093758,0.49363507779349364,20181011,1,37,glucose,O2
247.74022346368716,258.478417266187,358.0,278.0,198.77059782093758,0.5628930817610063,20181011,1,37,glucose,O2
285.99068322981367,287.3173803526448,322.0,397.0,198.77059782093758,0.4647058823529412,20181011,1,37,glucose,O2
246.90716180371354,274.1168831168831,377.0,385.0,198.77059782093758,0.494750656167979,20181011,1,37,glucose,O2
308.00344827586207,287.6100278551532,290.0,359.0,198.77059782093758,0.42649434571890144,20181011,1,37,glucose,O2
279.9611307420495,292.6929133858268,566.0,508.0,198.77059782093758,0.5285565939771547,20181011,1,37,glucose,O2
254.21535181236675,273.8117359413203,469.0,409.0,198.77059782093758,0.5393548387096774,20181011,1,37,glucose,O2
261.005859375,264.40677966101697,512.0,413.0,198.77059782093758,0.5516372795969773,20181011,1,37,glucose,O2
302.03768844221105,314.46027397260275,398.0,365.0,198.77059782093758,0.5236111111111111,20181011,1,37,glucose,O2
349.2112403100775,343.73755656108597,516.0,442.0,198.77059782093758,0.5323910482921084,20181011,1,37,glucose,O2
238.70355731225297,232.04597701149424,253.0,348.0,198.77059782093758,0.4209650582362729,20181011,1,37,glucose,O2
277.6136363636364,273.5275590551181,352.0,381.0,198.77059782093758,0.48021828103683495,20181011,1,37,glucose,O2
286.65156794425087,267.12654320987656,287.0,324.0,198.77059782093758,0.469721767594108,20181011,1,37,glucose,O2
281.3333333333333,285.7150259067358,462.0,386.0,196.94432722833267,0.5725075528700906,20181011,1,37,glucose,O2
286.24629080118694,280.8688524590164,337.0,366.0,196.94432722833267,0.4763358778625954,20181011,1,37,glucose,O2
259.39444444444445,240.659793814433,360.0,485.0,196.94432722833267,0.4188911704312115,20181011,1,37,glucose,O2
280.01495327102805,271.1596385542169,535.0,664.0,196.94432722833267,0.5280898876404494,20181011,1,37,glucose,O2
270.6255319148936,268.198347107438,470.0,484.0,196.94432722833267,0.5247524752475248,20181011,1,37,glucose,O2
315.6159090909091,343.43835616438355,440.0,438.0,196.94432722833267,0.4918300653594771,20181011,1,37,glucose,O2
287.63726884779516,305.22201834862386,703.0,545.0,196.94432722833267,0.4907539118065434,20181011,1,37,glucose,O2
253.86310517529216,262.3405639913232,599.0,461.0,196.94432722833267,0.5190947666195191,20181011,1,37,glucose,O2
294.9781512605042,281.28810720268007,595.0,597.0,196.94432722833267,0.5034013605442177,20181011,1,37,glucose,O2
298.2621359223301,316.17752808988763,515.0,445.0,196.94432722833267,0.46153846153846156,20181011,1,37,glucose,O2
276.72861842105266,288.00998003992015,608.0,501.0,196.94432722833267,0.5400921658986175,20181011,1,37,glucose,O2
262.24881516587675,265.7783132530121,422.0,415.0,196.94432722833267,0.4969173859432799,20181011,1,37,glucose,O2
267.1443736730361,262.83299389002036,471.0,491.0,196.94432722833267,0.4870530209617756,20181011,1,37,glucose,O2
282.6532951289398,307.4647058823529,698.0,680.0,196.94432722833267,0.525974025974026,20181011,1,37,glucose,O2
288.18926553672316,293.03975535168195,354.0,327.0,196.94432722833267,0.5124450951683748,20181011,1,37,glucose,O2
278.85288640595905,288.6622641509434,537.0,530.0,196.94432722833267,0.5067024128686327,20181011,1,37,glucose,O2
291.53816046966733,276.7112810707457,511.0,523.0,196.94432722833267,0.5025380710659898,20181011,1,37,glucose,O2
287.85067873303166,295.7459207459207,442.0,429.0,196.94432722833267,0.5163297045101088,20181011,1,37,glucose,O2
304.6363636363636,307.05016722408027,286.0,299.0,196.94432722833267,0.44571428571428573,20181011,1,37,glucose,O2
339.3581560283688,333.55102040816325,282.0,294.0,196.94432722833267,0.4911242603550296,20181011,1,37,glucose,O2
274.1868131868132,279.59865092748737,637.0,593.0,196.94432722833267,0.521239954075775,20181011,1,37,glucose,O2
294.8910675381264,276.2535433070866,459.0,635.0,196.94432722833267,0.5119402985074627,20181011,1,37,glucose,O2
279.43051771117166,301.5473372781065,367.0,338.0,196.94432722833267,0.551948051948052,20181011,1,37,glucose,O2
297.0592216582064,280.6503267973856,591.0,612.0,196.94432722833267,0.4765258215962441,20181011,1,37,glucose,O2
288.4404536862004,263.7367088607595,529.0,395.0,196.94432722833267,0.49873417721518987,20181011,1,37,glucose,O2
269.4697674418605,262.1362725450902,430.0,499.0,196.94432722833267,0.4612794612794613,20181011,1,37,glucose,O2
269.32744783306583,265.0171526586621,623.0,583.0,196.94432722833267,0.48553459119496856,20181011,1,37,glucose,O2
386.0633484162896,327.1799591002045,442.0,489.0,196.94432722833267,0.49434571890145396,20181011,1,37,glucose,O2
272.7088888888889,292.460358056266,450.0,391.0,196.94432722833267,0.5406976744186046,20181011,1,37,glucose,O2
277.5331325301205,263.22727272727275,332.0,352.0,196.94432722833267,0.4678456591639871,20181011,1,37,glucose,O2
274.4069400630915,261.46216216216214,317.0,370.0,196.94432722833267,0.5112936344969199,20181011,1,37,glucose,O2
272.2085889570552,267.515406162465,326.0,357.0,196.94432722833267,0.486652977412731,20181011,1,37,glucose,O2
262.2638888888889,259.0505319148936,360.0,376.0,196.94432722833267,0.5209380234505863,20181011,1,37,glucose,O2
269.18947368421055,258.0469483568075,380.0,426.0,196.94432722833267,0.4755639097744361,20181011,1,37,glucose,O2
234.9013698630137,241.95942028985507,365.0,345.0,196.94432722833267,0.5154798761609907,20181011,1,37,glucose,O2
238.28901734104045,227.8158567774936,346.0,391.0,196.94432722833267,0.48392857142857143,20181011,1,37,glucose,O2
277.44897959183675,276.51020408163265,392.0,392.0,196.94432722833267,0.5137085137085137,20181011,1,37,glucose,O2
329.03543307086613,340.155737704918,254.0,244.0,196.94432722833267,0.516260162601626,20181011,1,37,glucose,O2
266.89005235602093,275.59090909090907,382.0,396.0,196.94432722833267,0.4985632183908046,20181011,1,37,glucose,O2
296.87285223367695,283.1237623762376,291.0,404.0,196.94432722833267,0.42949756888168555,20181011,1,37,glucose,O2
271.80829015544043,269.8078947368421,386.0,380.0,196.94432722833267,0.5267295597484277,20181011,1,37,glucose,O2
297.4256926952141,278.68905472636817,397.0,402.0,196.94432722833267,0.4873096446700508,20181011,1,37,glucose,O2
241.8956043956044,249.2041237113402,546.0,485.0,196.94432722833267,0.5972972972972973,20181011,1,37,glucose,O2
254.54146341463414,239.1627408993576,410.0,467.0,196.94432722833267,0.45085803432137284,20181011,1,37,glucose,O2
271.3018867924528,258.89710610932474,477.0,311.0,196.94432722833267,0.540625,20181011,1,37,glucose,O2
277.405,278.4,400.0,355.0,196.94432722833267,0.5219941348973607,20181011,1,37,glucose,O2
293.0034364261168,275.1815561959654,291.0,347.0,196.94432722833267,0.4395796847635727,20181011,1,37,glucose,O2
229.31568228105905,230.24941176470588,491.0,425.0,196.94432722833267,0.5402635431918009,20181011,1,37,glucose,O2
238.82597402597403,234.20374707259953,385.0,427.0,196.94432722833267,0.46790299572039945,20181011,1,37,glucose,O2
314.4404432132964,347.65365853658534,361.0,410.0,196.94432722833267,0.4377049180327869,20181011,1,37,glucose,O2
354.46287128712873,314.7242206235012,404.0,417.0,196.94432722833267,0.5228848821081831,20181011,1,37,glucose,O2
258.63849765258215,263.1666666666667,426.0,432.0,196.94432722833267,0.5022556390977444,20181011,1,37,glucose,O2
264.3515625,253.94278606965173,384.0,402.0,196.94432722833267,0.45977011494252873,20181011,1,37,glucose,O2
276.28155339805824,266.7,309.0,300.0,196.94432722833267,0.507537688442211,20181011,1,37,glucose,O2
259.2014925373134,261.5703125,402.0,384.0,196.94432722833267,0.5044136191677175,20181011,1,37,glucose,O2
310.1425339366516,311.56067961165047,442.0,412.0,196.94432722833267,0.5648854961832062,20181011,1,37,glucose,O2
270.7734627831715,268.5255681818182,309.0,352.0,196.94432722833267,0.46747352496217853,20181011,1,37,glucose,O2
256.39464285714286,273.29133858267716,560.0,381.0,196.94432722833267,0.5922107674684994,20181011,1,37,glucose,O2
255.18478260869566,259.9040511727079,460.0,469.0,196.94432722833267,0.4919454770755886,20181011,1,37,glucose,O2
241.8659217877095,252.003861003861,358.0,259.0,196.94432722833267,0.580226904376013,20181011,1,37,glucose,O2
287.27450980392155,288.8118556701031,357.0,388.0,196.94432722833267,0.471169686985173,20181011,1,37,glucose,O2
296.984520123839,294.1329479768786,323.0,346.0,196.94432722833267,0.49137931034482757,20181011,1,37,glucose,O2
286.2883116883117,298.953216374269,385.0,342.0,196.94432722833267,0.5295735900962861,20181011,1,37,glucose,O2
260.3223880597015,270.9075342465753,335.0,292.0,196.94432722833267,0.5342902711323764,20181011,1,37,glucose,O2
243.7923076923077,243.1949152542373,390.0,354.0,196.94432722833267,0.5241935483870968,20181011,1,37,glucose,O2
294.002538071066,277.6607142857143,394.0,448.0,196.94432722833267,0.4478203434610304,20181011,1,37,glucose,O2
260.77326968973745,286.4520202020202,419.0,396.0,196.94432722833267,0.5157593123209169,20181011,1,37,glucose,O2
286.5177304964539,278.216894977169,423.0,438.0,196.94432722833267,0.4912891986062718,20181011,1,37,glucose,O2
335.25096525096524,318.2709497206704,259.0,358.0,196.94432722833267,0.491395793499044,20181011,1,37,glucose,O2
254.9467787114846,248.05810397553518,357.0,327.0,196.94432722833267,0.49291338582677163,20181011,1,37,glucose,O2
296.4901960784314,305.4277620396601,357.0,353.0,196.94432722833267,0.514820592823713,20181011,1,37,glucose,O2
313.69249394673125,307.87931034482756,826.0,580.0,196.94432722833267,0.5733137829912024,20181011,1,37,glucose,O2
260.0404721753794,255.20343839541547,593.0,349.0,196.94432722833267,0.6295116772823779,20181011,1,37,glucose,O2
279.8955512572534,264.46571798188876,517.0,773.0,196.9858678862326,0.44212523719165087,20181011,1,37,glucose,O2
304.3826714801444,312.5634328358209,277.0,268.0,196.9858678862326,0.5102880658436214,20181011,1,37,glucose,O2
290.0982905982906,300.0726643598616,702.0,578.0,196.9858678862326,0.5402567094515752,20181011,1,37,glucose,O2
300.27902240325864,310.20131291028446,491.0,457.0,196.9858678862326,0.5043156596794082,20181011,1,37,glucose,O2
271.34473684210525,284.74303405572755,380.0,323.0,196.9858678862326,0.5415430267062314,20181011,1,37,glucose,O2
256.17105263157896,262.7067039106145,304.0,358.0,196.9858678862326,0.4766355140186916,20181011,1,37,glucose,O2
283.1459074733096,289.64154786150715,562.0,491.0,196.9858678862326,0.530827067669173,20181011,1,37,glucose,O2
254.34902597402598,270.0392561983471,616.0,484.0,196.9858678862326,0.5289367429340511,20181011,1,37,glucose,O2
299.83482944344706,270.70673952641164,557.0,549.0,196.9858678862326,0.4886515353805073,20181011,1,37,glucose,O2
255.63504823151126,252.32063492063492,622.0,630.0,196.9858678862326,0.5017421602787456,20181011,1,37,glucose,O2
326.3796909492274,321.55582524271847,453.0,412.0,196.9858678862326,0.5480916030534351,20181011,1,37,glucose,O2
295.3373786407767,354.029702970297,412.0,404.0,196.9858678862326,0.4818731117824773,20181011,1,37,glucose,O2
272.4234404536862,299.28061224489795,529.0,392.0,196.9858678862326,0.5743756786102063,20181011,1,37,glucose,O2
260.17514124293785,275.5082742316785,531.0,423.0,196.9858678862326,0.5417201540436457,20181011,1,37,glucose,O2
249.44732297063902,249.5609318996416,579.0,558.0,196.9858678862326,0.5017921146953405,20181011,1,37,glucose,O2
294.66336633663366,285.5208333333333,303.0,384.0,196.9858678862326,0.43986820428336076,20181011,1,37,glucose,O2
277.1506276150628,298.41521739130434,478.0,460.0,196.9858678862326,0.5156889495225102,20181011,1,37,glucose,O2
295.7413793103448,280.677811550152,348.0,329.0,196.9858678862326,0.4883303411131059,20181011,1,37,glucose,O2
229.1864406779661,222.11290322580646,472.0,496.0,196.9858678862326,0.4777911164465786,20181011,1,37,glucose,O2
277.8317757009346,299.0433789954338,428.0,438.0,196.9858678862326,0.4647887323943662,20181011,1,37,glucose,O2
276.04076738609115,281.55925155925155,417.0,481.0,196.9858678862326,0.4673202614379085,20181011,1,37,glucose,O2
345.7023346303502,321.95940170940173,514.0,468.0,196.9858678862326,0.512258064516129,20181011,1,37,glucose,O2
240.7058823529412,233.31196581196582,459.0,468.0,196.9858678862326,0.5065693430656935,20181011,1,37,glucose,O2
261.873786407767,249.2230971128609,309.0,381.0,196.9858678862326,0.44922547332185886,20181011,1,37,glucose,O2
277.14285714285717,266.19260700389106,448.0,514.0,196.9858678862326,0.4654427645788337,20181011,1,37,glucose,O2
294.00655021834064,311.5670103092784,458.0,388.0,196.9858678862326,0.5535211267605634,20181011,1,37,glucose,O2
276.463556851312,294.2588996763754,343.0,309.0,196.9858678862326,0.5514705882352942,20181011,1,37,glucose,O2
266.25598086124404,257.77232142857144,418.0,448.0,196.9858678862326,0.48360655737704916,20181011,1,37,glucose,O2
254.99260628465805,275.31121281464533,541.0,437.0,196.9858678862326,0.574585635359116,20181011,1,37,glucose,O2
279.9142857142857,279.74620390455533,420.0,461.0,196.9858678862326,0.4718792866941015,20181011,1,37,glucose,O2
319.4952380952381,327.30645161290323,315.0,310.0,196.9858678862326,0.5033112582781457,20181011,1,37,glucose,O2
243.52646239554318,248.97150997150996,359.0,351.0,196.9858678862326,0.4984423676012461,20181011,1,37,glucose,O2
248.75290697674419,245.48739495798318,344.0,357.0,196.9858678862326,0.49023090586145646,20181011,1,37,glucose,O2
259.990625,265.71521035598704,320.0,309.0,196.9858678862326,0.5154471544715448,20181011,1,37,glucose,O2
263.35915492957747,263.58787878787876,284.0,330.0,196.9858678862326,0.470479704797048,20181011,1,37,glucose,O2
293.2579617834395,290.7528735632184,314.0,348.0,196.9858678862326,0.4796380090497738,20181011,1,37,glucose,O2
236.7608695652174,246.5868263473054,414.0,334.0,196.9858678862326,0.553475935828877,20181011,1,37,glucose,O2
322.3154362416107,314.2250803858521,298.0,311.0,196.9858678862326,0.48932676518883417,20181011,1,37,glucose,O2
292.5833333333333,286.0316091954023,336.0,348.0,196.9858678862326,0.4990859232175503,20181011,1,37,glucose,O2
287.0634249471459,305.1825,473.0,400.0,196.9858678862326,0.5235602094240838,20181011,1,37,glucose,O2
286.87028301886795,279.55627705627705,424.0,462.0,196.9858678862326,0.4953161592505855,20181011,1,37,glucose,O2
284.203426124197,291.26160337552744,467.0,474.0,196.9858678862326,0.5401974612129761,20181011,1,37,glucose,O2
271.98783783783784,282.09565217391304,740.0,575.0,196.9858678862326,0.5258711721224921,20181011,1,37,glucose,O2
273.80128205128204,262.07975460122697,312.0,326.0,196.9858678862326,0.4980544747081712,20181011,1,37,glucose,O2
303.4396551724138,271.78041543026706,348.0,337.0,196.9858678862326,0.4844827586206897,20181011,1,37,glucose,O2
279.48499210110583,304.8732673267327,633.0,505.0,196.9858678862326,0.5441020191285866,20181011,1,37,glucose,O2
275.83374083129587,264.5672371638142,409.0,409.0,196.9858678862326,0.5006501950585176,20181011,1,37,glucose,O2
275.0371621621622,264.6,296.0,345.0,196.9858678862326,0.4618055555555556,20181011,1,37,glucose,O2
311.9825,305.14939759036145,400.0,415.0,196.9858678862326,0.49266862170087977,20181011,1,37,glucose,O2
287.3338485316847,264.50429799426934,647.0,349.0,196.9858678862326,0.6548117154811716,20181011,1,37,glucose,O2
273.6084452975048,273.7406340057637,521.0,347.0,196.9858678862326,0.6002304147465438,20181011,1,37,glucose,O2
237.7202572347267,281.0561403508772,311.0,285.0,196.79760053309178,0.5214592274678111,20181011,1,37,glucose,O2
253.297157622739,226.82803738317756,387.0,535.0,196.79760053309178,0.45,20181011,1,37,glucose,O2
326.8051181102362,329.439293598234,508.0,453.0,196.79760053309178,0.5238095238095238,20181011,1,37,glucose,O2
315.9671848013817,309.5244094488189,579.0,635.0,196.79760053309178,0.4632258064516129,20181011,1,37,glucose,O2
263.0369318181818,255.19186785260482,704.0,787.0,196.79760053309178,0.49780701754385964,20181011,1,37,glucose,O2
278.4894736842105,267.5080906148867,570.0,618.0,196.79760053309178,0.5025252525252525,20181011,1,37,glucose,O2
272.47184466019417,266.4127243066884,515.0,613.0,196.79760053309178,0.4484777517564403,20181011,1,37,glucose,O2
301.5467479674797,302.60769230769233,492.0,520.0,196.79760053309178,0.469187675070028,20181011,1,37,glucose,O2
308.1007194244604,304.031746031746,417.0,441.0,196.79760053309178,0.47041420118343197,20181011,1,37,glucose,O2
297.7573964497041,295.3036303630363,338.0,303.0,196.79760053309178,0.5334608030592735,20181011,1,37,glucose,O2
281.0905263157895,283.7752808988764,475.0,445.0,196.79760053309178,0.5184094256259205,20181011,1,37,glucose,O2
286.954802259887,296.7560975609756,354.0,328.0,196.79760053309178,0.531951640759931,20181011,1,37,glucose,O2
267.8934911242604,288.03976143141153,507.0,503.0,196.79760053309178,0.5175879396984925,20181011,1,37,glucose,O2
278.3860911270983,292.90489913544667,417.0,347.0,196.79760053309178,0.5308848080133556,20181011,1,37,glucose,O2
287.30563002680964,347.6904761904762,373.0,294.0,196.79760053309178,0.5668016194331984,20181011,1,37,glucose,O2
285.664298401421,311.4634831460674,563.0,356.0,196.79760053309178,0.5093333333333333,20181011,1,37,glucose,O2
243.96559139784947,245.86010362694302,465.0,386.0,196.79760053309178,0.5384615384615384,20181011,1,37,glucose,O2
274.9640883977901,251.1711229946524,362.0,374.0,196.79760053309178,0.49615384615384617,20181011,1,37,glucose,O2
299.0195439739414,268.6997084548105,614.0,686.0,196.79760053309178,0.4681081081081081,20181011,1,37,glucose,O2
348.10602409638557,325.3741496598639,415.0,441.0,196.79760053309178,0.5145018915510718,20181011,1,37,glucose,O2
298.96675900277006,318.04761904761904,361.0,315.0,196.79760053309178,0.5402097902097902,20181011,1,37,glucose,O2
357.4012345679012,366.1479166666667,486.0,480.0,196.79760053309178,0.5016538037486218,20181011,1,37,glucose,O2
287.8212121212121,289.41486068111453,330.0,323.0,196.79760053309178,0.49835526315789475,20181011,1,37,glucose,O2
290.6737400530504,273.1703703703704,377.0,405.0,196.79760053309178,0.4714881780250348,20181011,1,37,glucose,O2
294.24213836477986,294.59941520467834,318.0,342.0,196.79760053309178,0.4818181818181818,20181011,1,37,glucose,O2
271.300283286119,286.2811387900356,353.0,281.0,196.79760053309178,0.5485996705107083,20181011,1,37,glucose,O2
324.8176470588235,301.25333333333333,340.0,300.0,196.79760053309178,0.5569620253164557,20181011,1,37,glucose,O2
286.16814159292034,289.6338672768879,452.0,437.0,196.79760053309178,0.5006289308176101,20181011,1,37,glucose,O2
225.64912280701753,227.65281899109792,285.0,337.0,196.79760053309178,0.45819935691318325,20181011,1,37,glucose,O2
234.0,227.8778409090909,317.0,352.0,196.79760053309178,0.4666666666666667,20181011,1,37,glucose,O2
309.5365853658537,291.71319796954316,369.0,394.0,196.79760053309178,0.48516320474777447,20181011,1,37,glucose,O2
284.51147540983607,293.3958333333333,305.0,336.0,196.79760053309178,0.4772313296903461,20181011,1,37,glucose,O2
304.8376383763838,322.74688057041,271.0,561.0,196.79760053309178,0.3288948069241012,20181011,1,37,glucose,O2
312.67045454545456,308.385150812065,440.0,431.0,196.79760053309178,0.5041617122473246,20181011,1,37,glucose,O2
271.621875,291.609375,320.0,256.0,196.79760053309178,0.5730337078651685,20181011,1,37,glucose,O2
237.55972696245735,226.05142857142857,293.0,350.0,196.79760053309178,0.4482200647249191,20181011,1,37,glucose,O2
314.9706457925636,318.4739454094293,511.0,403.0,196.79760053309178,0.570694087403599,20181011,1,37,glucose,O2
278.8272980501393,287.8966565349544,359.0,329.0,196.79760053309178,0.5154798761609907,20181011,1,37,glucose,O2
254.75264270613107,262.59322033898303,473.0,354.0,196.79760053309178,0.5459533607681756,20181011,1,37,glucose,O2
293.2253086419753,287.6885245901639,324.0,366.0,196.79760053309178,0.46153846153846156,20181011,1,37,glucose,O2
248.75965665236052,245.67095588235293,466.0,544.0,196.79760053309178,0.514041514041514,20181011,1,37,glucose,O2
296.9755244755245,300.07954545454544,286.0,264.0,196.79760053309178,0.52,20181011,1,37,glucose,O2
286.13448275862066,275.38601823708206,290.0,329.0,196.79760053309178,0.46849757673667203,20181011,1,37,glucose,O2
274.0410557184751,260.7961432506887,341.0,363.0,196.79760053309178,0.47126436781609193,20181011,1,37,glucose,O2
290.7543859649123,280.06461538461537,513.0,650.0,196.79760053309178,0.45029821073558646,20181011,1,37,glucose,O2
270.75652173913045,299.21768707482994,345.0,294.0,196.79760053309178,0.5482233502538071,20181011,1,37,glucose,O2
275.74411764705883,285.51015228426394,340.0,394.0,196.79760053309178,0.4554317548746518,20181011,1,37,glucose,O2
299.5235404896422,273.15321252059306,531.0,607.0,197.18829790265323,0.3930232558139535,20181011,1,37,glucose,O2
288.9801699716714,304.66769230769233,353.0,325.0,197.18829790265323,0.5162790697674419,20181011,1,37,glucose,O2
261.6427255985267,252.8962765957447,543.0,376.0,197.18829790265323,0.5106951871657754,20181011,1,37,glucose,O2
241.75680272108843,268.30192307692306,588.0,520.0,197.18829790265323,0.5152073732718894,20181011,1,37,glucose,O2
279.22684310018906,298.8611111111111,529.0,468.0,197.18829790265323,0.5077844311377245,20181011,1,37,glucose,O2
287.11347517730496,323.3315649867374,423.0,377.0,197.18829790265323,0.5492730210016155,20181011,1,37,glucose,O2
301.17814726840857,293.9390243902439,421.0,410.0,197.18829790265323,0.5085034013605442,20181011,1,37,glucose,O2
309.82710280373834,305.06813186813184,428.0,455.0,197.18829790265323,0.49714285714285716,20181011,1,37,glucose,O2
294.086859688196,289.10981308411215,449.0,428.0,197.18829790265323,0.4869281045751634,20181011,1,37,glucose,O2
306.8822314049587,270.32164948453607,484.0,485.0,197.18829790265323,0.4802816901408451,20181011,1,37,glucose,O2
263.3342105263158,266.9159159159159,380.0,333.0,197.18829790265323,0.5293296089385475,20181011,1,37,glucose,O2
286.89123867069486,277.9879518072289,331.0,415.0,197.18829790265323,0.4247669773635153,20181011,1,37,glucose,O2
224.89795918367346,235.3866943866944,490.0,481.0,197.18829790265323,0.55,20181011,1,37,glucose,O2
281.24054054054056,288.09148264984225,370.0,317.0,197.18829790265323,0.5225375626043406,20181011,1,37,glucose,O2
249.75762439807383,262.472049689441,623.0,644.0,197.18829790265323,0.5058572949946751,20181011,1,37,glucose,O2
287.4036697247706,289.296918767507,327.0,357.0,197.18829790265323,0.4459203036053131,20181011,1,37,glucose,O2
335.7563559322034,358.8627968337731,472.0,379.0,197.18829790265323,0.5383542538354253,20181011,1,37,glucose,O2
307.1132530120482,330.67261904761904,415.0,504.0,197.18829790265323,0.5067340067340067,20181011,1,37,glucose,O2
317.9016393442623,326.9801136363636,488.0,352.0,197.18829790265323,0.5730897009966778,20181011,1,37,glucose,O2
353.2572347266881,344.8811881188119,311.0,303.0,197.18829790265323,0.5234042553191489,20181011,1,37,glucose,O2
391.6417582417582,354.8399071925754,455.0,431.0,197.18829790265323,0.5502450980392157,20181011,1,37,glucose,O2
363.9655172413793,298.3294509151414,435.0,601.0,197.18829790265323,0.4533169533169533,20181011,1,37,glucose,O2
278.50823529411764,282.0,425.0,437.0,197.18829790265323,0.49814585908529047,20181011,1,37,glucose,O2
287.91812865497076,296.5579268292683,342.0,328.0,197.18829790265323,0.5211267605633803,20181011,1,37,glucose,O2
260.4990892531876,277.04794520547944,549.0,438.0,197.18829790265323,0.4907521578298397,20181011,1,37,glucose,O2
288.5391061452514,262.64469914040114,358.0,349.0,197.18829790265323,0.5048701298701299,20181011,1,37,glucose,O2
273.06331168831167,277.9553752535497,616.0,493.0,197.18829790265323,0.5410225921521997,20181011,1,37,glucose,O2
296.83673469387753,289.40808823529414,588.0,544.0,197.18829790265323,0.5403659849300323,20181011,1,37,glucose,O2
308.29234972677597,316.84788732394367,366.0,355.0,197.18829790265323,0.47644927536231885,20181011,1,37,glucose,O2
316.2505592841163,306.88222698072803,447.0,467.0,197.18829790265323,0.4797979797979798,20181011,1,37,glucose,O2
337.2741935483871,304.317907444668,372.0,497.0,197.18829790265323,0.44487179487179485,20181011,1,37,glucose,O2
263.01390820584146,253.5951086956522,719.0,736.0,197.18829790265323,0.46950517836593786,20181011,1,37,glucose,O2
277.8533724340176,277.8952380952381,341.0,315.0,197.18829790265323,0.5135593220338983,20181011,1,37,glucose,O2
306.2612137203166,305.3016627078385,379.0,421.0,197.18829790265323,0.47162162162162163,20181011,1,37,glucose,O2
281.1327683615819,285.21794871794873,354.0,390.0,197.18829790265323,0.4527972027972028,20181011,1,37,glucose,O2
242.32592592592593,263.7524752475247,405.0,303.0,197.18829790265323,0.5370967741935484,20181011,1,37,glucose,O2
277.8224,298.3359683794466,625.0,506.0,197.18829790265323,0.5686546463245492,20181011,1,37,glucose,O2
232.2568578553616,221.04605263157896,401.0,456.0,197.18829790265323,0.47324414715719065,20181011,1,37,glucose,O2
284.04416961130744,287.8707482993197,566.0,441.0,197.18829790265323,0.5038167938931297,20181011,1,37,glucose,O2
271.41066666666666,267.05652173913046,375.0,460.0,197.18829790265323,0.44285714285714284,20181011,1,37,glucose,O2
295.51069518716577,312.6411764705882,374.0,340.0,197.18829790265323,0.5238095238095238,20181011,1,37,glucose,O2
280.28232189973613,294.09627329192546,379.0,322.0,197.18829790265323,0.5474777448071216,20181011,1,37,glucose,O2
262.23762376237624,274.33074935400515,404.0,387.0,197.18829790265323,0.49930843706777317,20181011,1,37,glucose,O2
244.27518427518427,240.58279569892474,407.0,465.0,197.18829790265323,0.47096774193548385,20181011,1,37,glucose,O2
269.48743718592965,265.47872340425533,398.0,470.0,197.18829790265323,0.4672544080604534,20181011,1,37,glucose,O2
288.1948717948718,304.3333333333333,390.0,369.0,197.18829790265323,0.5103668261562998,20181011,1,37,glucose,O2
299.871875,318.5266272189349,320.0,338.0,197.18829790265323,0.5076045627376425,20181011,1,37,glucose,O2
371.3003194888179,297.91346153846155,313.0,312.0,197.18829790265323,0.5104669887278583,20181011,1,37,glucose,O2
258.76643990929705,264.613698630137,441.0,365.0,197.18829790265323,0.5694864048338368,20181011,1,37,glucose,O2
262.03133903133903,263.72,351.0,400.0,197.18829790265323,0.47645429362880887,20181011,1,37,glucose,O2
265.2861111111111,242.4304347826087,360.0,460.0,197.18829790265323,0.436183395291202,20181011,1,37,glucose,O2
233.1578947368421,244.53443526170798,399.0,363.0,197.18829790265323,0.5207296849087893,20181011,1,37,glucose,O2
227.26385224274406,217.6352657004831,379.0,414.0,197.18829790265323,0.4655612244897959,20181011,1,37,glucose,O2
263.45871559633025,273.88196721311476,327.0,305.0,197.18829790265323,0.5207207207207207,20181011,1,37,glucose,O2
258.9774919614148,248.66445182724252,311.0,301.0,197.18829790265323,0.5024711696869851,20181011,1,37,glucose,O2
257.8262195121951,254.60393258426967,328.0,356.0,197.18829790265323,0.48049921996879874,20181011,1,37,glucose,O2
265.4264705882353,282.6577540106952,408.0,374.0,197.18829790265323,0.5298196948682385,20181011,1,37,glucose,O2
274.78231292517006,266.52505966587114,441.0,419.0,197.18829790265323,0.49538461538461537,20181011,1,37,glucose,O2
272.50933333333336,278.68932038834953,375.0,309.0,197.18829790265323,0.5667701863354038,20181011,1,37,glucose,O2
305.6372315035799,284.2116182572614,419.0,482.0,197.18829790265323,0.45161290322580644,20181011,1,37,glucose,O2
287.733918128655,276.413698630137,342.0,365.0,197.18829790265323,0.4899665551839465,20181011,1,37,glucose,O2
297.1274787535411,292.49235474006116,353.0,327.0,197.18829790265323,0.5043859649122807,20181011,1,37,glucose,O2
272.7704918032787,274.7048710601719,305.0,349.0,197.18829790265323,0.46636085626911317,20181011,1,37,glucose,O2
280.67119565217394,262.9201030927835,368.0,388.0,197.18829790265323,0.4828571428571429,20181011,1,37,glucose,O2
250.9782016348774,244.6005747126437,367.0,348.0,197.18829790265323,0.5119760479041916,20181011,1,37,glucose,O2
331.20823798627003,287.6412037037037,437.0,432.0,197.18829790265323,0.5,20181011,1,37,glucose,O2
258.09655172413795,262.2847380410023,435.0,439.0,197.18829790265323,0.45646437994722955,20181011,1,37,glucose,O2
269.14334470989763,276.54769230769233,293.0,325.0,197.18829790265323,0.4594594594594595,20181011,1,37,glucose,O2
265.7169230769231,277.0469314079422,325.0,277.0,197.18829790265323,0.5581395348837209,20181011,1,37,glucose,O2
300.75367647058823,286.19875776397515,272.0,322.0,197.18829790265323,0.45811051693404636,20181011,1,37,glucose,O2
252.04525862068965,250.9435294117647,464.0,425.0,197.18829790265323,0.5211428571428571,20181011,1,37,glucose,O2
278.3066037735849,289.1348600508906,424.0,393.0,197.18829790265323,0.5189718482252142,20181011,1,37,glucose,O2
317.53416149068323,305.3951890034364,322.0,291.0,202.19602991121354,0.5067796610169492,20181011,1,37,glucose,O2
264.87958115183244,258.56111929307804,573.0,679.0,202.19602991121354,0.45289079229122053,20181011,1,37,glucose,O2
259.24022346368713,254.29455081001473,716.0,679.0,202.19602991121354,0.5135135135135135,20181011,1,37,glucose,O2
265.64604810996565,247.58967391304347,291.0,368.0,202.19602991121354,0.45863309352517984,20181011,1,37,glucose,O2
360.9822485207101,344.3274336283186,338.0,339.0,202.19602991121354,0.5029585798816568,20181011,1,37,glucose,O2
309.9075907590759,283.025787965616,303.0,349.0,202.19602991121354,0.4477124183006536,20181011,1,37,glucose,O2
279.40874524714826,276.8110687022901,526.0,524.0,202.19602991121354,0.4907010014306152,20181011,1,37,glucose,O2
311.1115537848606,335.96519721577727,502.0,431.0,202.19602991121354,0.5380493033226152,20181011,1,37,glucose,O2
287.6684931506849,273.61141304347825,365.0,368.0,202.19602991121354,0.5091819699499165,20181011,1,37,glucose,O2
254.18707482993196,235.28212290502793,294.0,358.0,202.19602991121354,0.45840407470288624,20181011,1,37,glucose,O2
262.3886925795053,248.194847020934,566.0,621.0,202.19602991121354,0.48144433299899697,20181011,1,37,glucose,O2
258.63662790697674,257.65051903114187,344.0,289.0,202.19602991121354,0.5576592082616179,20181011,1,37,glucose,O2
258.1620253164557,258.94897959183675,395.0,392.0,202.19602991121354,0.48826291079812206,20181011,1,37,glucose,O2
397.7003367003367,396.38,297.0,300.0,202.19602991121354,0.5153153153153153,20181011,1,37,glucose,O2
281.69214876033055,279.6923076923077,484.0,533.0,202.19602991121354,0.5105067985166872,20181011,1,37,glucose,O2
276.4441176470588,304.27734375,340.0,256.0,202.19602991121354,0.5620300751879699,20181011,1,37,glucose,O2
259.5883668903803,270.4580498866213,447.0,441.0,202.19602991121354,0.5087209302325582,20181011,1,37,glucose,O2
275.3755980861244,281.6739606126915,418.0,457.0,202.19602991121354,0.49746192893401014,20181011,1,37,glucose,O2
274.13350785340316,273.3554987212276,382.0,391.0,202.19602991121354,0.4919137466307278,20181011,1,37,glucose,O2
262.73650793650796,264.10169491525426,315.0,354.0,202.19602991121354,0.4367588932806324,20181011,1,37,glucose,O2
319.40862422997947,319.94816414686824,487.0,463.0,202.19602991121354,0.49390243902439024,20181011,1,37,glucose,O2
280.50853889943073,305.3453237410072,527.0,556.0,202.19602991121354,0.506265664160401,20181011,1,37,glucose,O2
296.4725274725275,302.3488372093023,455.0,430.0,202.19602991121354,0.4821958456973294,20181011,1,37,glucose,O2
292.671772428884,278.8578680203046,457.0,394.0,202.19602991121354,0.5279672578444747,20181011,1,37,glucose,O2
318.3566666666667,312.17687074829934,300.0,294.0,202.19602991121354,0.518783542039356,20181011,1,37,glucose,O2
290.01650943396226,275.03420523138834,424.0,497.0,202.19602991121354,0.459214501510574,20181011,1,37,glucose,O2
294.1564245810056,302.48450704225354,358.0,355.0,202.19602991121354,0.4707740916271722,20181011,1,37,glucose,O2
258.48722627737226,276.4251012145749,548.0,494.0,202.19602991121354,0.5283018867924528,20181011,1,37,glucose,O2
271.17420814479635,264.03991596638656,442.0,476.0,202.19602991121354,0.47307132459970885,20181011,1,37,glucose,O2
309.09090909090907,300.96802325581393,385.0,344.0,202.19602991121354,0.5230998509687034,20181011,1,37,glucose,O2
287.78731343283584,271.0301204819277,268.0,332.0,202.19602991121354,0.45166666666666666,20181011,1,37,glucose,O2
285.71343283582087,264.1622807017544,335.0,456.0,202.19602991121354,0.4045393858477971,20181011,1,37,glucose,O2
237.17872340425532,241.67076167076166,470.0,407.0,202.19602991121354,0.5179677819083024,20181011,1,37,glucose,O2
299.8355263157895,305.6887417218543,304.0,302.0,202.19602991121354,0.5124378109452736,20181011,1,37,glucose,O2
370.9593495934959,398.4972067039106,492.0,358.0,202.19602991121354,0.5033333333333333,20181011,1,37,glucose,O2
275.7991886409736,292.61417322834643,493.0,381.0,202.19602991121354,0.5710267229254571,20181011,1,37,glucose,O2
292.25349301397205,281.27354260089686,501.0,446.0,202.19602991121354,0.5453125,20181011,1,37,glucose,O2
287.4767676767677,267.04615384615386,495.0,390.0,202.19602991121354,0.5541310541310541,20181011,1,37,glucose,O2
240.58432304038004,269.1733966745843,421.0,421.0,202.19602991121354,0.5347222222222222,20181011,1,37,glucose,O2
229.51666666666668,229.1426282051282,600.0,624.0,202.19602991121354,0.4758961681087763,20181011,1,37,glucose,O2
242.5157894736842,234.92546583850933,475.0,483.0,202.19602991121354,0.4511834319526627,20181011,1,37,glucose,O2
336.2455089820359,318.64921465968587,334.0,382.0,202.19602991121354,0.46870653685674546,20181011,1,37,glucose,O2
300.9657534246575,276.94860813704497,438.0,467.0,202.19602991121354,0.47051442910915936,20181011,1,37,glucose,O2
302.956862745098,282.2643312101911,255.0,314.0,202.19602991121354,0.44815465729349735,20181011,1,37,glucose,O2
333.95238095238096,344.7047619047619,357.0,315.0,202.19602991121354,0.5435139573070608,20181011,1,37,glucose,O2
297.77037037037036,275.22641509433964,270.0,318.0,202.19602991121354,0.45918367346938777,20181011,1,37,glucose,O2
316.926582278481,343.87461773700306,395.0,327.0,202.19602991121354,0.5368421052631579,20181011,1,37,glucose,O2
267.50539956803453,278.82142857142856,463.0,420.0,202.19602991121354,0.5214198286413708,20181011,1,37,glucose,O2
279.74867724867727,281.14516129032256,378.0,434.0,202.19602991121354,0.46551724137931033,20181011,1,37,glucose,O2
273.4901960784314,284.5346062052506,408.0,419.0,202.19602991121354,0.49261744966442955,20181011,1,37,glucose,O2
285.7639484978541,288.95781637717124,466.0,403.0,202.19602991121354,0.5362485615650172,20181011,1,37,glucose,O2
302.59317585301835,325.5,381.0,428.0,202.19602991121354,0.5205479452054794,20181011,1,37,glucose,O2
304.7512195121951,301.04545454545456,410.0,506.0,202.19602991121354,0.44368600682593856,20181011,1,37,glucose,O2
228.37692307692308,238.86820652173913,650.0,736.0,197.67959034800552,0.46153846153846156,20181011,1,37,glucose,O2
260.804469273743,242.5,358.0,482.0,197.67959034800552,0.47795414462081126,20181011,1,37,glucose,O2
235.61417322834646,234.41935483870967,508.0,465.0,197.67959034800552,0.5006451612903225,20181011,1,37,glucose,O2
240.15799256505576,237.05995717344754,538.0,467.0,197.67959034800552,0.5334796926454446,20181011,1,37,glucose,O2
309.8787185354691,331.8325581395349,437.0,430.0,197.67959034800552,0.4820846905537459,20181011,1,37,glucose,O2
255.6701030927835,253.44554455445544,582.0,303.0,197.67959034800552,0.5035545023696683,20181011,1,37,glucose,O2
253.52094717668487,273.2170731707317,549.0,410.0,197.67959034800552,0.5248,20181011,1,37,glucose,O2
285.7416666666667,261.11610486891385,480.0,534.0,197.67959034800552,0.5075187969924813,20181011,1,37,glucose,O2
262.1333333333333,278.3056768558952,495.0,458.0,197.67959034800552,0.5131414267834794,20181011,1,37,glucose,O2
265.77027027027026,287.8626198083067,592.0,626.0,197.67959034800552,0.5234093637454982,20181011,1,37,glucose,O2
266.57142857142856,263.4630630630631,623.0,555.0,197.67959034800552,0.5283018867924528,20181011,1,37,glucose,O2
273.1166666666667,263.66355140186914,360.0,321.0,197.67959034800552,0.5247678018575851,20181011,1,37,glucose,O2
262.3308550185874,294.2470023980815,538.0,417.0,197.67959034800552,0.5575117370892019,20181011,1,37,glucose,O2
275.8953488372093,260.171114599686,602.0,637.0,197.67959034800552,0.5400552486187845,20181011,1,37,glucose,O2
266.127562642369,272.2827102803738,439.0,428.0,197.67959034800552,0.4962630792227205,20181011,1,37,glucose,O2
276.52619589977223,251.80588235294118,439.0,510.0,197.67959034800552,0.4735483870967742,20181011,1,37,glucose,O2
266.9329140461216,278.99264705882354,477.0,408.0,197.67959034800552,0.5484351713859911,20181011,1,37,glucose,O2
281.8138138138138,260.3487394957983,333.0,476.0,197.67959034800552,0.4371345029239766,20181011,1,37,glucose,O2
258.6014492753623,272.02570093457945,552.0,428.0,197.67959034800552,0.5629860031104199,20181011,1,37,glucose,O2
305.91420118343194,283.82135076252723,338.0,459.0,197.67959034800552,0.424090338770389,20181011,1,37,glucose,O2
251.16584564860426,257.02142857142854,609.0,560.0,197.67959034800552,0.5044642857142857,20181011,1,37,glucose,O2
257.411131059246,270.6587155963303,557.0,545.0,197.67959034800552,0.4762658227848101,20181011,1,37,glucose,O2
297.811797752809,257.4751037344398,356.0,482.0,197.67959034800552,0.4691780821917808,20181011,1,37,glucose,O2
231.1306818181818,232.14548802946592,528.0,543.0,197.67959034800552,0.5078369905956113,20181011,1,37,glucose,O2
238.0,238.59737417943109,449.0,457.0,197.67959034800552,0.4837340876944837,20181011,1,37,glucose,O2
258.16272189349115,261.18213058419246,338.0,291.0,197.67959034800552,0.5561497326203209,20181011,1,37,glucose,O2
245.42736486486487,253.59146341463415,592.0,492.0,197.67959034800552,0.5209125475285171,20181011,1,37,glucose,O2
271.45283018867923,251.76237623762376,424.0,404.0,197.67959034800552,0.5120772946859904,20181011,1,37,glucose,O2
295.4047058823529,294.00239808153475,425.0,417.0,197.67959034800552,0.5138721351025332,20181011,1,37,glucose,O2
264.30479452054794,263.76752136752134,584.0,585.0,197.67959034800552,0.5114155251141552,20181011,1,37,glucose,O2
313.9658703071672,327.3745819397993,293.0,299.0,197.67959034800552,0.4938704028021016,20181011,1,37,glucose,O2
261.2643923240938,267.1777777777778,469.0,540.0,197.67959034800552,0.49375,20181011,1,37,glucose,O2
277.1419939577039,297.9890510948905,331.0,274.0,197.67959034800552,0.5421686746987951,20181011,1,37,glucose,O2
293.3184357541899,257.7857142857143,358.0,350.0,197.67959034800552,0.5036496350364964,20181011,1,37,glucose,O2
289.8424124513619,300.7079646017699,514.0,452.0,197.67959034800552,0.4464579901153213,20181011,1,37,glucose,O2
285.7048710601719,274.4536817102138,349.0,421.0,197.67959034800552,0.4572192513368984,20181011,1,37,glucose,O2
252.9692832764505,249.06666666666666,293.0,300.0,197.67959034800552,0.49409780775716694,20181011,1,37,glucose,O2
268.3682634730539,275.9130434782609,334.0,299.0,197.67959034800552,0.5098039215686274,20181011,1,37,glucose,O2
334.9789156626506,305.2616822429907,332.0,321.0,197.67959034800552,0.5161290322580645,20181011,1,37,glucose,O2
274.3066037735849,298.53521126760563,424.0,355.0,197.67959034800552,0.5445945945945946,20181011,1,37,glucose,O2
315.5770491803279,319.23754789272033,305.0,261.0,197.67959034800552,0.5019230769230769,20181011,1,37,glucose,O2
277.6773399014778,297.3110465116279,406.0,344.0,197.67959034800552,0.5429740791268759,20181011,1,37,glucose,O2
325.1545454545454,286.7307692307692,440.0,572.0,197.67959034800552,0.4650817236255572,20181011,1,37,glucose,O2
252.63911845730027,255.05775075987842,363.0,329.0,197.67959034800552,0.5106382978723404,20181011,1,37,glucose,O2
257.14201183431953,249.48899755501222,338.0,409.0,197.67959034800552,0.45767575322812054,20181011,1,37,glucose,O2
311.2102425876011,285.4503171247357,371.0,473.0,197.67959034800552,0.45298013245033114,20181011,1,37,glucose,O2
270.406015037594,249.62944162436548,399.0,394.0,197.67959034800552,0.49761526232114467,20181011,1,37,glucose,O2
254.30903790087464,237.5621301775148,343.0,338.0,197.67959034800552,0.4883720930232558,20181011,1,37,glucose,O2
225.14745308310992,229.65697674418604,373.0,344.0,197.67959034800552,0.5204236006051437,20181011,1,37,glucose,O2
229.7851662404092,218.13625304136252,391.0,411.0,197.67959034800552,0.4882108183079057,20181011,1,37,glucose,O2
253.71864406779662,242.6317280453258,295.0,353.0,197.67959034800552,0.46987951807228917,20181011,1,37,glucose,O2
267.86159844054583,273.67485822306236,513.0,529.0,197.67959034800552,0.49624060150375937,20181011,1,37,glucose,O2
265.34626038781164,257.3269754768392,361.0,367.0,197.67959034800552,0.4958791208791209,20181011,1,37,glucose,O2
253.80782918149467,268.46853146853147,562.0,429.0,197.67959034800552,0.543939393939394,20181011,1,37,glucose,O2
280.19054441260744,278.369918699187,698.0,492.0,197.67959034800552,0.5865546218487395,20181011,1,37,glucose,O2
277.1685393258427,268.13702623906704,356.0,343.0,197.67959034800552,0.5,20181011,1,37,glucose,O2
298.27156549520765,301.69354838709677,313.0,310.0,197.67959034800552,0.535593220338983,20181011,1,37,glucose,O2
275.05449591280654,274.42091152815016,367.0,373.0,197.67959034800552,0.49514563106796117,20181011,1,37,glucose,O2
261.9085545722714,277.9525316455696,339.0,316.0,197.67959034800552,0.5358778625954198,20181011,1,37,glucose,O2
418.97474747474746,395.8126801152738,396.0,347.0,197.77686745516743,0.5627644569816643,20181011,1,37,glucose,O2
299.9178082191781,323.62105263157895,365.0,380.0,197.77686745516743,0.4954682779456193,20181011,1,37,glucose,O2
279.7440677966102,326.75384615384615,590.0,520.0,197.77686745516743,0.5016910935738444,20181011,1,37,glucose,O2
297.8541300527241,312.3281972265023,569.0,649.0,197.77686745516743,0.45543478260869563,20181011,1,37,glucose,O2
282.27624309392263,290.0438596491228,362.0,342.0,197.77686745516743,0.5095238095238095,20181011,1,37,glucose,O2
324.0816326530612,309.92824074074076,343.0,432.0,197.77686745516743,0.4485387547649301,20181011,1,37,glucose,O2
290.5372549019608,292.3873873873874,510.0,555.0,197.77686745516743,0.5306406685236769,20181011,1,37,glucose,O2
279.915,281.2442528735632,400.0,348.0,197.77686745516743,0.5075987841945289,20181011,1,37,glucose,O2
276.27710843373495,269.25,332.0,340.0,197.77686745516743,0.4947049924357035,20181011,1,37,glucose,O2
270.24074074074076,245.0140350877193,324.0,285.0,197.77686745516743,0.559322033898305,20181011,1,37,glucose,O2
279.33415233415235,273.0483870967742,407.0,372.0,197.77686745516743,0.5101449275362319,20181011,1,37,glucose,O2
284.94513715710724,279.63896848137534,401.0,349.0,197.77686745516743,0.5190839694656488,20181011,1,37,glucose,O2
275.9065934065934,281.36337209302326,364.0,344.0,197.77686745516743,0.5141242937853108,20181011,1,37,glucose,O2
328.79767441860463,313.507722007722,430.0,518.0,197.77686745516743,0.45358649789029537,20181011,1,37,glucose,O2
294.6802507836991,287.5267379679144,319.0,374.0,197.77686745516743,0.4485049833887043,20181011,1,37,glucose,O2
324.9770992366412,322.62039660056655,393.0,353.0,197.77686745516743,0.5268096514745308,20181011,1,37,glucose,O2
400.77581120943955,402.6977491961415,339.0,311.0,197.77686745516743,0.4941569282136895,20181011,1,37,glucose,O2
278.79432624113474,292.99261992619927,282.0,271.0,197.77686745516743,0.5206463195691203,20181011,1,37,glucose,O2
289.3276836158192,379.0968253968254,531.0,630.0,197.77686745516743,0.48928571428571427,20181011,1,37,glucose,O2
336.4191729323308,341.42857142857144,532.0,672.0,197.77686745516743,0.4418604651162791,20181011,1,37,glucose,O2
268.42287234042556,281.59718309859153,376.0,355.0,197.77686745516743,0.5143638850889193,20181011,1,37,glucose,O2
305.37531486146094,275.64963503649636,397.0,548.0,197.77686745516743,0.4201058201058201,20181011,1,37,glucose,O2
