,time,OD_raw_data,log(OD)_fit,log(OD)_fit_std,growth_rate,growth_rate_std,doubling_time,doubling_time_std
0,55.16666666666666,0.00919444444444445,-4.6515203214949565,0.02366674388061587,0.004139025207091196,0.0017360381056520087,167.46628635467331,70.2406581205772
1,55.16666666666666,0.012194444444444438,-4.6515203214949565,0.02366674388061587,0.004139025207091196,0.0017360381056520087,167.46628635467331,70.2406581205772
2,55.16666666666666,0.00919444444444445,-4.6515203214949565,0.02366674388061587,0.004139025207091196,0.0017360381056520087,167.46628635467331,70.2406581205772
3,55.16666666666666,0.007194444444444434,-4.6515203214949565,0.02366674388061587,0.004139025207091196,0.0017360381056520087,167.46628635467331,70.2406581205772
4,55.16666666666666,0.010194444444444437,-4.6515203214949565,0.02366674388061587,0.004139025207091196,0.0017360381056520087,167.46628635467331,70.2406581205772
5,55.16666666666666,0.010194444444444437,-4.6515203214949565,0.02366674388061587,0.004139025207091196,0.0017360381056520087,167.46628635467331,70.2406581205772
6,55.16666666666666,0.008194444444444449,-4.6515203214949565,0.02366674388061587,0.004139025207091196,0.0017360381056520087,167.46628635467331,70.2406581205772
7,55.16666666666666,0.00919444444444445,-4.6515203214949565,0.02366674388061587,0.004139025207091196,0.0017360381056520087,167.46628635467331,70.2406581205772
8,55.16666666666666,0.010194444444444437,-4.6515203214949565,0.02366674388061587,0.004139025207091196,0.0017360381056520087,167.46628635467331,70.2406581205772
9,55.16666666666666,0.008194444444444449,-4.6515203214949565,0.02366674388061587,0.004139025207091196,0.0017360381056520087,167.46628635467331,70.2406581205772
10,62.16666666666666,0.013194444444444453,-4.613288785697279,0.016498676284701516,0.006790866302427201,0.0012814367113905092,102.07050907661069,19.26070867193152
11,62.16666666666666,0.010194444444444437,-4.613288785697279,0.016498676284701516,0.006790866302427201,0.0012814367113905092,102.07050907661069,19.26070867193152
12,62.16666666666666,0.010194444444444437,-4.613288785697279,0.016498676284701516,0.006790866302427201,0.0012814367113905092,102.07050907661069,19.26070867193152
13,62.16666666666666,0.00919444444444445,-4.613288785697279,0.016498676284701516,0.006790866302427201,0.0012814367113905092,102.07050907661069,19.26070867193152
14,62.16666666666666,0.008194444444444449,-4.613288785697279,0.016498676284701516,0.006790866302427201,0.0012814367113905092,102.07050907661069,19.26070867193152
15,62.16666666666666,0.010194444444444437,-4.613288785697279,0.016498676284701516,0.006790866302427201,0.0012814367113905092,102.07050907661069,19.26070867193152
16,62.16666666666666,0.011194444444444437,-4.613288785697279,0.016498676284701516,0.006790866302427201,0.0012814367113905092,102.07050907661069,19.26070867193152
17,62.16666666666666,0.00919444444444445,-4.613288785697279,0.016498676284701516,0.006790866302427201,0.0012814367113905092,102.07050907661069,19.26070867193152
18,62.16666666666666,0.011194444444444437,-4.613288785697279,0.016498676284701516,0.006790866302427201,0.0012814367113905092,102.07050907661069,19.26070867193152
19,62.16666666666666,0.008194444444444449,-4.613288785697279,0.016498676284701516,0.006790866302427201,0.0012814367113905092,102.07050907661069,19.26070867193152
20,69.16666666666667,0.011166666666666658,-4.556407443536983,0.013333627782754686,0.009460048603316062,0.0009190546512848736,73.27099570259863,7.118361884646376
21,69.16666666666667,0.010166666666666657,-4.556407443536983,0.013333627782754686,0.009460048603316062,0.0009190546512848736,73.27099570259863,7.118361884646376
22,69.16666666666667,0.010166666666666657,-4.556407443536983,0.013333627782754686,0.009460048603316062,0.0009190546512848736,73.27099570259863,7.118361884646376
23,69.16666666666667,0.00916666666666667,-4.556407443536983,0.013333627782754686,0.009460048603316062,0.0009190546512848736,73.27099570259863,7.118361884646376
24,69.16666666666667,0.012166666666666659,-4.556407443536983,0.013333627782754686,0.009460048603316062,0.0009190546512848736,73.27099570259863,7.118361884646376
25,69.16666666666667,0.013166666666666674,-4.556407443536983,0.013333627782754686,0.009460048603316062,0.0009190546512848736,73.27099570259863,7.118361884646376
26,69.16666666666667,0.011166666666666658,-4.556407443536983,0.013333627782754686,0.009460048603316062,0.0009190546512848736,73.27099570259863,7.118361884646376
27,69.16666666666667,0.010166666666666657,-4.556407443536983,0.013333627782754686,0.009460048603316062,0.0009190546512848736,73.27099570259863,7.118361884646376
28,69.16666666666667,0.00816666666666667,-4.556407443536983,0.013333627782754686,0.009460048603316062,0.0009190546512848736,73.27099570259863,7.118361884646376
29,69.16666666666667,0.010166666666666657,-4.556407443536983,0.013333627782754686,0.009460048603316062,0.0009190546512848736,73.27099570259863,7.118361884646376
30,76.16666666666667,0.012249999999999983,-4.480916111137134,0.012641183902611207,0.012100006482471226,0.0006539572725697498,57.284860265494785,3.0960190833807917
31,76.16666666666667,0.012249999999999983,-4.480916111137134,0.012641183902611207,0.012100006482471226,0.0006539572725697498,57.284860265494785,3.0960190833807917
32,76.16666666666667,0.011249999999999982,-4.480916111137134,0.012641183902611207,0.012100006482471226,0.0006539572725697498,57.284860265494785,3.0960190833807917
33,76.16666666666667,0.010249999999999981,-4.480916111137134,0.012641183902611207,0.012100006482471226,0.0006539572725697498,57.284860265494785,3.0960190833807917
34,76.16666666666667,0.011249999999999982,-4.480916111137134,0.012641183902611207,0.012100006482471226,0.0006539572725697498,57.284860265494785,3.0960190833807917
35,76.16666666666667,0.009249999999999994,-4.480916111137134,0.012641183902611207,0.012100006482471226,0.0006539572725697498,57.284860265494785,3.0960190833807917
36,76.16666666666667,0.011249999999999982,-4.480916111137134,0.012641183902611207,0.012100006482471226,0.0006539572725697498,57.284860265494785,3.0960190833807917
37,76.16666666666667,0.011249999999999982,-4.480916111137134,0.012641183902611207,0.012100006482471226,0.0006539572725697498,57.284860265494785,3.0960190833807917
38,76.16666666666667,0.014249999999999985,-4.480916111137134,0.012641183902611207,0.012100006482471226,0.0006539572725697498,57.284860265494785,3.0960190833807917
39,76.16666666666667,0.013249999999999998,-4.480916111137134,0.012641183902611207,0.012100006482471226,0.0006539572725697498,57.284860265494785,3.0960190833807917
40,83.16666666666667,0.010222222222222216,-4.387189611449486,0.012679931891804568,0.01466182432710128,0.0004908207491256517,47.27564354176,1.5826043376930465
41,83.16666666666667,0.013222222222222232,-4.387189611449486,0.012679931891804568,0.01466182432710128,0.0004908207491256517,47.27564354176,1.5826043376930465
42,83.16666666666667,0.013222222222222232,-4.387189611449486,0.012679931891804568,0.01466182432710128,0.0004908207491256517,47.27564354176,1.5826043376930465
43,83.16666666666667,0.010222222222222216,-4.387189611449486,0.012679931891804568,0.01466182432710128,0.0004908207491256517,47.27564354176,1.5826043376930465
44,83.16666666666667,0.012222222222222218,-4.387189611449486,0.012679931891804568,0.01466182432710128,0.0004908207491256517,47.27564354176,1.5826043376930465
45,83.16666666666667,0.01422222222222222,-4.387189611449486,0.012679931891804568,0.01466182432710128,0.0004908207491256517,47.27564354176,1.5826043376930465
46,83.16666666666667,0.01422222222222222,-4.387189611449486,0.012679931891804568,0.01466182432710128,0.0004908207491256517,47.27564354176,1.5826043376930465
47,83.16666666666667,0.012222222222222218,-4.387189611449486,0.012679931891804568,0.01466182432710128,0.0004908207491256517,47.27564354176,1.5826043376930465
48,83.16666666666667,0.012222222222222218,-4.387189611449486,0.012679931891804568,0.01466182432710128,0.0004908207491256517,47.27564354176,1.5826043376930465
49,83.16666666666667,0.01622222222222222,-4.387189611449486,0.012679931891804568,0.01466182432710128,0.0004908207491256517,47.27564354176,1.5826043376930465
50,90.16666666666669,0.012194444444444438,-4.275949099677206,0.012603175488845245,0.017095725917118276,0.0004209350063030789,40.54505692945649,0.9983099797517293
51,90.16666666666669,0.015194444444444441,-4.275949099677206,0.012603175488845245,0.017095725917118276,0.0004209350063030789,40.54505692945649,0.9983099797517293
52,90.16666666666669,0.015194444444444441,-4.275949099677206,0.012603175488845245,0.017095725917118276,0.0004209350063030789,40.54505692945649,0.9983099797517293
53,90.16666666666669,0.015194444444444441,-4.275949099677206,0.012603175488845245,0.017095725917118276,0.0004209350063030789,40.54505692945649,0.9983099797517293
54,90.16666666666669,0.013194444444444453,-4.275949099677206,0.012603175488845245,0.017095725917118276,0.0004209350063030789,40.54505692945649,0.9983099797517293
55,90.16666666666669,0.01419444444444444,-4.275949099677206,0.012603175488845245,0.017095725917118276,0.0004209350063030789,40.54505692945649,0.9983099797517293
56,90.16666666666669,0.01719444444444443,-4.275949099677206,0.012603175488845245,0.017095725917118276,0.0004209350063030789,40.54505692945649,0.9983099797517293
57,90.16666666666669,0.013194444444444453,-4.275949099677206,0.012603175488845245,0.017095725917118276,0.0004209350063030789,40.54505692945649,0.9983099797517293
58,90.16666666666669,0.01419444444444444,-4.275949099677206,0.012603175488845245,0.017095725917118276,0.0004209350063030789,40.54505692945649,0.9983099797517293
59,90.16666666666669,0.011194444444444437,-4.275949099677206,0.012603175488845245,0.017095725917118276,0.0004209350063030789,40.54505692945649,0.9983099797517293
60,97.16666666666669,0.016138888888888883,-4.148262500433134,0.012263327721797498,0.019352686055060797,0.00040878650781709297,35.816587867330426,0.7565532678282302
61,97.16666666666669,0.016138888888888883,-4.148262500433134,0.012263327721797498,0.019352686055060797,0.00040878650781709297,35.816587867330426,0.7565532678282302
62,97.16666666666669,0.014138888888888881,-4.148262500433134,0.012263327721797498,0.019352686055060797,0.00040878650781709297,35.816587867330426,0.7565532678282302
63,97.16666666666669,0.015138888888888882,-4.148262500433134,0.012263327721797498,0.019352686055060797,0.00040878650781709297,35.816587867330426,0.7565532678282302
64,97.16666666666669,0.01713888888888887,-4.148262500433134,0.012263327721797498,0.019352686055060797,0.00040878650781709297,35.816587867330426,0.7565532678282302
65,97.16666666666669,0.01213888888888888,-4.148262500433134,0.012263327721797498,0.019352686055060797,0.00040878650781709297,35.816587867330426,0.7565532678282302
66,97.16666666666669,0.016138888888888883,-4.148262500433134,0.012263327721797498,0.019352686055060797,0.00040878650781709297,35.816587867330426,0.7565532678282302
67,97.16666666666669,0.019138888888888886,-4.148262500433134,0.012263327721797498,0.019352686055060797,0.00040878650781709297,35.816587867330426,0.7565532678282302
68,97.16666666666669,0.01713888888888887,-4.148262500433134,0.012263327721797498,0.019352686055060797,0.00040878650781709297,35.816587867330426,0.7565532678282302
69,97.16666666666669,0.016138888888888883,-4.148262500433134,0.012263327721797498,0.019352686055060797,0.00040878650781709297,35.816587867330426,0.7565532678282302
70,104.16666666666669,0.017277777777777767,-4.005533418339553,0.01178841866528778,0.021386101112212508,0.0004138919587378751,32.41110555509926,0.6272623463563263
71,104.16666666666669,0.02227777777777777,-4.005533418339553,0.01178841866528778,0.021386101112212508,0.0004138919587378751,32.41110555509926,0.6272623463563263
72,104.16666666666669,0.019277777777777783,-4.005533418339553,0.01178841866528778,0.021386101112212508,0.0004138919587378751,32.41110555509926,0.6272623463563263
73,104.16666666666669,0.01827777777777778,-4.005533418339553,0.01178841866528778,0.021386101112212508,0.0004138919587378751,32.41110555509926,0.6272623463563263
74,104.16666666666669,0.01827777777777778,-4.005533418339553,0.01178841866528778,0.021386101112212508,0.0004138919587378751,32.41110555509926,0.6272623463563263
75,104.16666666666669,0.019277777777777783,-4.005533418339553,0.01178841866528778,0.021386101112212508,0.0004138919587378751,32.41110555509926,0.6272623463563263
76,104.16666666666669,0.01627777777777778,-4.005533418339553,0.01178841866528778,0.021386101112212508,0.0004138919587378751,32.41110555509926,0.6272623463563263
77,104.16666666666669,0.020277777777777783,-4.005533418339553,0.01178841866528778,0.021386101112212508,0.0004138919587378751,32.41110555509926,0.6272623463563263
78,104.16666666666669,0.01827777777777778,-4.005533418339553,0.01178841866528778,0.021386101112212508,0.0004138919587378751,32.41110555509926,0.6272623463563263
79,104.16666666666669,0.014277777777777778,-4.005533418339553,0.01178841866528778,0.021386101112212508,0.0004138919587378751,32.41110555509926,0.6272623463563263
80,111.16666666666669,0.021222222222222212,-3.8494783489436486,0.011357860581997115,0.02315344943026254,0.0004145055009313242,29.937102143146433,0.535950099256395
81,111.16666666666669,0.025222222222222215,-3.8494783489436486,0.011357860581997115,0.02315344943026254,0.0004145055009313242,29.937102143146433,0.535950099256395
82,111.16666666666669,0.021222222222222212,-3.8494783489436486,0.011357860581997115,0.02315344943026254,0.0004145055009313242,29.937102143146433,0.535950099256395
83,111.16666666666669,0.019222222222222224,-3.8494783489436486,0.011357860581997115,0.02315344943026254,0.0004145055009313242,29.937102143146433,0.535950099256395
84,111.16666666666669,0.020222222222222225,-3.8494783489436486,0.011357860581997115,0.02315344943026254,0.0004145055009313242,29.937102143146433,0.535950099256395
85,111.16666666666669,0.022222222222222213,-3.8494783489436486,0.011357860581997115,0.02315344943026254,0.0004145055009313242,29.937102143146433,0.535950099256395
86,111.16666666666669,0.022222222222222213,-3.8494783489436486,0.011357860581997115,0.02315344943026254,0.0004145055009313242,29.937102143146433,0.535950099256395
87,111.16666666666669,0.021222222222222212,-3.8494783489436486,0.011357860581997115,0.02315344943026254,0.0004145055009313242,29.937102143146433,0.535950099256395
88,111.16666666666669,0.022222222222222213,-3.8494783489436486,0.011357860581997115,0.02315344943026254,0.0004145055009313242,29.937102143146433,0.535950099256395
89,111.16666666666669,0.01622222222222222,-3.8494783489436486,0.011357860581997115,0.02315344943026254,0.0004145055009313242,29.937102143146433,0.535950099256395
90,118.16666666666669,0.025249999999999995,-3.6820925109411746,0.011095812680071265,0.02461787001592075,0.0004049463245376151,28.15626128952978,0.46315032594380073
91,118.16666666666669,0.023250000000000007,-3.6820925109411746,0.011095812680071265,0.02461787001592075,0.0004049463245376151,28.15626128952978,0.46315032594380073
92,118.16666666666669,0.025249999999999995,-3.6820925109411746,0.011095812680071265,0.02461787001592075,0.0004049463245376151,28.15626128952978,0.46315032594380073
93,118.16666666666669,0.025249999999999995,-3.6820925109411746,0.011095812680071265,0.02461787001592075,0.0004049463245376151,28.15626128952978,0.46315032594380073
94,118.16666666666669,0.029249999999999998,-3.6820925109411746,0.011095812680071265,0.02461787001592075,0.0004049463245376151,28.15626128952978,0.46315032594380073
95,118.16666666666669,0.020250000000000004,-3.6820925109411746,0.011095812680071265,0.02461787001592075,0.0004049463245376151,28.15626128952978,0.46315032594380073
96,118.16666666666669,0.022249999999999992,-3.6820925109411746,0.011095812680071265,0.02461787001592075,0.0004049463245376151,28.15626128952978,0.46315032594380073
97,118.16666666666669,0.025249999999999995,-3.6820925109411746,0.011095812680071265,0.02461787001592075,0.0004049463245376151,28.15626128952978,0.46315032594380073
98,118.16666666666669,0.026249999999999996,-3.6820925109411746,0.011095812680071265,0.02461787001592075,0.0004049463245376151,28.15626128952978,0.46315032594380073
99,118.16666666666669,0.027249999999999996,-3.6820925109411746,0.011095812680071265,0.02461787001592075,0.0004049463245376151,28.15626128952978,0.46315032594380073
100,125.16666666666669,0.034194444444444444,-3.5056051203451943,0.011029544978324321,0.025749588941442525,0.00038728476695655306,26.91876682521963,0.4048696994880626
101,125.16666666666669,0.027194444444444438,-3.5056051203451943,0.011029544978324321,0.025749588941442525,0.00038728476695655306,26.91876682521963,0.4048696994880626
102,125.16666666666669,0.03019444444444444,-3.5056051203451943,0.011029544978324321,0.025749588941442525,0.00038728476695655306,26.91876682521963,0.4048696994880626
103,125.16666666666669,0.03219444444444443,-3.5056051203451943,0.011029544978324321,0.025749588941442525,0.00038728476695655306,26.91876682521963,0.4048696994880626
104,125.16666666666669,0.03019444444444444,-3.5056051203451943,0.011029544978324321,0.025749588941442525,0.00038728476695655306,26.91876682521963,0.4048696994880626
105,125.16666666666669,0.023194444444444448,-3.5056051203451943,0.011029544978324321,0.025749588941442525,0.00038728476695655306,26.91876682521963,0.4048696994880626
106,125.16666666666669,0.03119444444444444,-3.5056051203451943,0.011029544978324321,0.025749588941442525,0.00038728476695655306,26.91876682521963,0.4048696994880626
107,125.16666666666669,0.03119444444444444,-3.5056051203451943,0.011029544978324321,0.025749588941442525,0.00038728476695655306,26.91876682521963,0.4048696994880626
108,125.16666666666669,0.028194444444444453,-3.5056051203451943,0.011029544978324321,0.025749588941442525,0.00038728476695655306,26.91876682521963,0.4048696994880626
109,125.16666666666669,0.03119444444444444,-3.5056051203451943,0.011029544978324321,0.025749588941442525,0.00038728476695655306,26.91876682521963,0.4048696994880626
110,132.16666666666666,0.037083333333333315,-3.3224254075286694,0.011102752138219273,0.026527127385707505,0.0003665660492497273,26.129749010569633,0.3610748620995481
111,132.16666666666666,0.036083333333333314,-3.3224254075286694,0.011102752138219273,0.026527127385707505,0.0003665660492497273,26.129749010569633,0.3610748620995481
112,132.16666666666666,0.03208333333333331,-3.3224254075286694,0.011102752138219273,0.026527127385707505,0.0003665660492497273,26.129749010569633,0.3610748620995481
113,132.16666666666666,0.03808333333333333,-3.3224254075286694,0.011102752138219273,0.026527127385707505,0.0003665660492497273,26.129749010569633,0.3610748620995481
114,132.16666666666666,0.037083333333333315,-3.3224254075286694,0.011102752138219273,0.026527127385707505,0.0003665660492497273,26.129749010569633,0.3610748620995481
115,132.16666666666666,0.03908333333333333,-3.3224254075286694,0.011102752138219273,0.026527127385707505,0.0003665660492497273,26.129749010569633,0.3610748620995481
116,132.16666666666666,0.028083333333333335,-3.3224254075286694,0.011102752138219273,0.026527127385707505,0.0003665660492497273,26.129749010569633,0.3610748620995481
117,132.16666666666666,0.037083333333333315,-3.3224254075286694,0.011102752138219273,0.026527127385707505,0.0003665660492497273,26.129749010569633,0.3610748620995481
118,132.16666666666666,0.037083333333333315,-3.3224254075286694,0.011102752138219273,0.026527127385707505,0.0003665660492497273,26.129749010569633,0.3610748620995481
119,132.16666666666666,0.033083333333333326,-3.3224254075286694,0.011102752138219273,0.026527127385707505,0.0003665660492497273,26.129749010569633,0.3610748620995481
120,139.16666666666666,0.04613888888888888,-3.135081114684567,0.011222587168439038,0.026938233189134575,0.00034849237741224913,25.73098152701133,0.33287450080860037
121,139.16666666666666,0.04513888888888888,-3.135081114684567,0.011222587168439038,0.026938233189134575,0.00034849237741224913,25.73098152701133,0.33287450080860037
122,139.16666666666666,0.034138888888888885,-3.135081114684567,0.011222587168439038,0.026938233189134575,0.00034849237741224913,25.73098152701133,0.33287450080860037
123,139.16666666666666,0.04013888888888888,-3.135081114684567,0.011222587168439038,0.026938233189134575,0.00034849237741224913,25.73098152701133,0.33287450080860037
124,139.16666666666666,0.04413888888888888,-3.135081114684567,0.011222587168439038,0.026938233189134575,0.00034849237741224913,25.73098152701133,0.33287450080860037
125,139.16666666666666,0.048138888888888884,-3.135081114684567,0.011222587168439038,0.026938233189134575,0.00034849237741224913,25.73098152701133,0.33287450080860037
126,139.16666666666666,0.04413888888888888,-3.135081114684567,0.011222587168439038,0.026938233189134575,0.00034849237741224913,25.73098152701133,0.33287450080860037
127,139.16666666666666,0.04513888888888888,-3.135081114684567,0.011222587168439038,0.026938233189134575,0.00034849237741224913,25.73098152701133,0.33287450080860037
128,139.16666666666666,0.03913888888888889,-3.135081114684567,0.011222587168439038,0.026938233189134575,0.00034849237741224913,25.73098152701133,0.33287450080860037
129,139.16666666666666,0.04513888888888888,-3.135081114684567,0.011222587168439038,0.026938233189134575,0.00034849237741224913,25.73098152701133,0.33287450080860037
130,146.16666666666666,0.04691666666666666,-2.9461515811926233,0.011305832026132912,0.026980488828013627,0.0003379961523757951,25.690682810767168,0.3218381993483537
131,146.16666666666666,0.05291666666666667,-2.9461515811926233,0.011305832026132912,0.026980488828013627,0.0003379961523757951,25.690682810767168,0.3218381993483537
132,146.16666666666666,0.05791666666666667,-2.9461515811926233,0.011305832026132912,0.026980488828013627,0.0003379961523757951,25.690682810767168,0.3218381993483537
133,146.16666666666666,0.04091666666666666,-2.9461515811926233,0.011305832026132912,0.026980488828013627,0.0003379961523757951,25.690682810767168,0.3218381993483537
134,146.16666666666666,0.05491666666666667,-2.9461515811926233,0.011305832026132912,0.026980488828013627,0.0003379961523757951,25.690682810767168,0.3218381993483537
135,146.16666666666666,0.04791666666666666,-2.9461515811926233,0.011305832026132912,0.026980488828013627,0.0003379961523757951,25.690682810767168,0.3218381993483537
136,146.16666666666666,0.05591666666666667,-2.9461515811926233,0.011305832026132912,0.026980488828013627,0.0003379961523757951,25.690682810767168,0.3218381993483537
137,146.16666666666666,0.05291666666666667,-2.9461515811926233,0.011305832026132912,0.026980488828013627,0.0003379961523757951,25.690682810767168,0.3218381993483537
138,146.16666666666666,0.05391666666666667,-2.9461515811926233,0.011305832026132912,0.026980488828013627,0.0003379961523757951,25.690682810767168,0.3218381993483537
139,146.16666666666666,0.05491666666666667,-2.9461515811926233,0.011305832026132912,0.026980488828013627,0.0003379961523757951,25.690682810767168,0.3218381993483537
140,153.16666666666666,0.05811111111111111,-2.758197807690806,0.01130583202621147,0.026661562335608124,0.00033799615237611587,25.99799561011492,0.32958392966994765
141,153.16666666666666,0.06611111111111109,-2.758197807690806,0.01130583202621147,0.026661562335608124,0.00033799615237611587,25.99799561011492,0.32958392966994765
142,153.16666666666666,0.0691111111111111,-2.758197807690806,0.01130583202621147,0.026661562335608124,0.00033799615237611587,25.99799561011492,0.32958392966994765
143,153.16666666666666,0.050111111111111106,-2.758197807690806,0.01130583202621147,0.026661562335608124,0.00033799615237611587,25.99799561011492,0.32958392966994765
144,153.16666666666666,0.06511111111111109,-2.758197807690806,0.01130583202621147,0.026661562335608124,0.00033799615237611587,25.99799561011492,0.32958392966994765
145,153.16666666666666,0.0671111111111111,-2.758197807690806,0.01130583202621147,0.026661562335608124,0.00033799615237611587,25.99799561011492,0.32958392966994765
146,153.16666666666666,0.0671111111111111,-2.758197807690806,0.01130583202621147,0.026661562335608124,0.00033799615237611587,25.99799561011492,0.32958392966994765
147,153.16666666666666,0.05811111111111111,-2.758197807690806,0.01130583202621147,0.026661562335608124,0.00033799615237611587,25.99799561011492,0.32958392966994765
148,153.16666666666666,0.0691111111111111,-2.758197807690806,0.01130583202621147,0.026661562335608124,0.00033799615237611587,25.99799561011492,0.32958392966994765
149,153.16666666666666,0.06411111111111112,-2.758197807690806,0.01130583202621147,0.026661562335608124,0.00033799615237611587,25.99799561011492,0.32958392966994765
150,160.16666666666666,0.08175,-2.5736920704487147,0.01122258716851818,0.02599908325007627,0.00034849237741263803,26.660446981641627,0.35735731380023267
151,160.16666666666666,0.07875,-2.5736920704487147,0.01122258716851818,0.02599908325007627,0.00034849237741263803,26.660446981641627,0.35735731380023267
152,160.16666666666666,0.061749999999999985,-2.5736920704487147,0.01122258716851818,0.02599908325007627,0.00034849237741263803,26.660446981641627,0.35735731380023267
153,160.16666666666666,0.07075,-2.5736920704487147,0.01122258716851818,0.02599908325007627,0.00034849237741263803,26.660446981641627,0.35735731380023267
154,160.16666666666666,0.08175,-2.5736920704487147,0.01122258716851818,0.02599908325007627,0.00034849237741263803,26.660446981641627,0.35735731380023267
155,160.16666666666666,0.07875,-2.5736920704487147,0.01122258716851818,0.02599908325007627,0.00034849237741263803,26.660446981641627,0.35735731380023267
156,160.16666666666666,0.08075,-2.5736920704487147,0.01122258716851818,0.02599908325007627,0.00034849237741263803,26.660446981641627,0.35735731380023267
157,160.16666666666666,0.08275,-2.5736920704487147,0.01122258716851818,0.02599908325007627,0.00034849237741263803,26.660446981641627,0.35735731380023267
158,160.16666666666666,0.08374999999999998,-2.5736920704487147,0.01122258716851818,0.02599908325007627,0.00034849237741263803,26.660446981641627,0.35735731380023267
159,160.16666666666666,0.06974999999999999,-2.5736920704487147,0.01122258716851818,0.02599908325007627,0.00034849237741263803,26.660446981641627,0.35735731380023267
160,167.16666666666666,0.09608333333333334,-2.3949497250297895,0.011102752138419264,0.02502014237487593,0.0003665660492491358,27.70356659744557,0.4058804624522566
161,167.16666666666666,0.09908333333333331,-2.3949497250297895,0.011102752138419264,0.02502014237487593,0.0003665660492491358,27.70356659744557,0.4058804624522566
162,167.16666666666666,0.08808333333333333,-2.3949497250297895,0.011102752138419264,0.02502014237487593,0.0003665660492491358,27.70356659744557,0.4058804624522566
163,167.16666666666666,0.09708333333333331,-2.3949497250297895,0.011102752138419264,0.02502014237487593,0.0003665660492491358,27.70356659744557,0.4058804624522566
164,167.16666666666666,0.10008333333333332,-2.3949497250297895,0.011102752138419264,0.02502014237487593,0.0003665660492491358,27.70356659744557,0.4058804624522566
165,167.16666666666666,0.10108333333333334,-2.3949497250297895,0.011102752138419264,0.02502014237487593,0.0003665660492491358,27.70356659744557,0.4058804624522566
166,167.16666666666666,0.10208333333333332,-2.3949497250297895,0.011102752138419264,0.02502014237487593,0.0003665660492491358,27.70356659744557,0.4058804624522566
167,167.16666666666666,0.09808333333333334,-2.3949497250297895,0.011102752138419264,0.02502014237487593,0.0003665660492491358,27.70356659744557,0.4058804624522566
168,167.16666666666666,0.07608333333333332,-2.3949497250297895,0.011102752138419264,0.02502014237487593,0.0003665660492491358,27.70356659744557,0.4058804624522566
169,167.16666666666666,0.08608333333333333,-2.3949497250297895,0.011102752138419264,0.02502014237487593,0.0003665660492491358,27.70356659744557,0.4058804624522566
170,174.16666666666663,0.11691666666666664,-2.224065787126335,0.011029544978203529,0.023760431143110772,0.00038728476695536326,29.172331780726974,0.47549641027954104
171,174.16666666666663,0.11791666666666667,-2.224065787126335,0.011029544978203529,0.023760431143110772,0.00038728476695536326,29.172331780726974,0.47549641027954104
172,174.16666666666663,0.09291666666666668,-2.224065787126335,0.011029544978203529,0.023760431143110772,0.00038728476695536326,29.172331780726974,0.47549641027954104
173,174.16666666666663,0.12291666666666667,-2.224065787126335,0.011029544978203529,0.023760431143110772,0.00038728476695536326,29.172331780726974,0.47549641027954104
174,174.16666666666663,0.12091666666666667,-2.224065787126335,0.011029544978203529,0.023760431143110772,0.00038728476695536326,29.172331780726974,0.47549641027954104
175,174.16666666666663,0.10491666666666666,-2.224065787126335,0.011029544978203529,0.023760431143110772,0.00038728476695536326,29.172331780726974,0.47549641027954104
176,174.16666666666663,0.10691666666666666,-2.224065787126335,0.011029544978203529,0.023760431143110772,0.00038728476695536326,29.172331780726974,0.47549641027954104
177,174.16666666666663,0.11691666666666664,-2.224065787126335,0.011029544978203529,0.023760431143110772,0.00038728476695536326,29.172331780726974,0.47549641027954104
178,174.16666666666663,0.12291666666666667,-2.224065787126335,0.011029544978203529,0.023760431143110772,0.00038728476695536326,29.172331780726974,0.47549641027954104
179,174.16666666666663,0.12191666666666665,-2.224065787126335,0.011029544978203529,0.023760431143110772,0.00038728476695536326,29.172331780726974,0.47549641027954104
180,181.16666666666663,0.1386944444444444,-2.0628587098294133,0.011095812680031241,0.0222630528037282,0.0004049463245370127,31.134417488506784,0.5663090340629475
181,181.16666666666663,0.12169444444444441,-2.0628587098294133,0.011095812680031241,0.0222630528037282,0.0004049463245370127,31.134417488506784,0.5663090340629475
182,181.16666666666663,0.13269444444444442,-2.0628587098294133,0.011095812680031241,0.0222630528037282,0.0004049463245370127,31.134417488506784,0.5663090340629475
183,181.16666666666663,0.10369444444444442,-2.0628587098294133,0.011095812680031241,0.0222630528037282,0.0004049463245370127,31.134417488506784,0.5663090340629475
184,181.16666666666663,0.13369444444444442,-2.0628587098294133,0.011095812680031241,0.0222630528037282,0.0004049463245370127,31.134417488506784,0.5663090340629475
185,181.16666666666663,0.13669444444444442,-2.0628587098294133,0.011095812680031241,0.0222630528037282,0.0004049463245370127,31.134417488506784,0.5663090340629475
186,181.16666666666663,0.13169444444444442,-2.0628587098294133,0.011095812680031241,0.0222630528037282,0.0004049463245370127,31.134417488506784,0.5663090340629475
187,181.16666666666663,0.13969444444444443,-2.0628587098294133,0.011095812680031241,0.0222630528037282,0.0004049463245370127,31.134417488506784,0.5663090340629475
188,181.16666666666663,0.12969444444444442,-2.0628587098294133,0.011095812680031241,0.0222630528037282,0.0004049463245370127,31.134417488506784,0.5663090340629475
189,181.16666666666663,0.12169444444444441,-2.0628587098294133,0.011095812680031241,0.0222630528037282,0.0004049463245370127,31.134417488506784,0.5663090340629475
190,188.16666666666663,0.15005555555555555,-1.9128234975277678,0.011357860582270812,0.020577052639753735,0.0004145055009313896,33.68544527221663,0.6785618237512645
191,188.16666666666663,0.15805555555555556,-1.9128234975277678,0.011357860582270812,0.020577052639753735,0.0004145055009313896,33.68544527221663,0.6785618237512645
192,188.16666666666663,0.15305555555555556,-1.9128234975277678,0.011357860582270812,0.020577052639753735,0.0004145055009313896,33.68544527221663,0.6785618237512645
193,188.16666666666663,0.15805555555555556,-1.9128234975277678,0.011357860582270812,0.020577052639753735,0.0004145055009313896,33.68544527221663,0.6785618237512645
194,188.16666666666663,0.15005555555555555,-1.9128234975277678,0.011357860582270812,0.020577052639753735,0.0004145055009313896,33.68544527221663,0.6785618237512645
195,188.16666666666663,0.1360555555555556,-1.9128234975277678,0.011357860582270812,0.020577052639753735,0.0004145055009313896,33.68544527221663,0.6785618237512645
196,188.16666666666663,0.13705555555555554,-1.9128234975277678,0.011357860582270812,0.020577052639753735,0.0004145055009313896,33.68544527221663,0.6785618237512645
197,188.16666666666663,0.15505555555555556,-1.9128234975277678,0.011357860582270812,0.020577052639753735,0.0004145055009313896,33.68544527221663,0.6785618237512645
198,188.16666666666663,0.15705555555555556,-1.9128234975277678,0.011357860582270812,0.020577052639753735,0.0004145055009313896,33.68544527221663,0.6785618237512645
199,188.16666666666663,0.12105555555555557,-1.9128234975277678,0.011357860582270812,0.020577052639753735,0.0004145055009313896,33.68544527221663,0.6785618237512645
200,195.16666666666663,0.1401111111111111,-1.7750959199287877,0.011788418665137095,0.018755727206404726,0.00041389195873820254,36.956561210980325,0.8155388132654021
201,195.16666666666663,0.1831111111111111,-1.7750959199287877,0.011788418665137095,0.018755727206404726,0.00041389195873820254,36.956561210980325,0.8155388132654021
202,195.16666666666663,0.1591111111111111,-1.7750959199287877,0.011788418665137095,0.018755727206404726,0.00041389195873820254,36.956561210980325,0.8155388132654021
203,195.16666666666663,0.1801111111111111,-1.7750959199287877,0.011788418665137095,0.018755727206404726,0.00041389195873820254,36.956561210980325,0.8155388132654021
204,195.16666666666663,0.1771111111111111,-1.7750959199287877,0.011788418665137095,0.018755727206404726,0.00041389195873820254,36.956561210980325,0.8155388132654021
205,195.16666666666663,0.1751111111111111,-1.7750959199287877,0.011788418665137095,0.018755727206404726,0.00041389195873820254,36.956561210980325,0.8155388132654021
206,195.16666666666663,0.1711111111111111,-1.7750959199287877,0.011788418665137095,0.018755727206404726,0.00041389195873820254,36.956561210980325,0.8155388132654021
207,195.16666666666663,0.1721111111111111,-1.7750959199287877,0.011788418665137095,0.018755727206404726,0.00041389195873820254,36.956561210980325,0.8155388132654021
208,195.16666666666663,0.16111111111111112,-1.7750959199287877,0.011788418665137095,0.018755727206404726,0.00041389195873820254,36.956561210980325,0.8155388132654021
209,195.16666666666663,0.1751111111111111,-1.7750959199287877,0.011788418665137095,0.018755727206404726,0.00041389195873820254,36.956561210980325,0.8155388132654021
210,202.16666666666663,0.19861111111111107,-1.6504291332832963,0.012263327721906137,0.016854782478966435,0.00040878650781775607,41.124658916538586,0.9974145750422667
211,202.16666666666663,0.19561111111111112,-1.6504291332832963,0.012263327721906137,0.016854782478966435,0.00040878650781775607,41.124658916538586,0.9974145750422667
212,202.16666666666663,0.18961111111111112,-1.6504291332832963,0.012263327721906137,0.016854782478966435,0.00040878650781775607,41.124658916538586,0.9974145750422667
213,202.16666666666663,0.1826111111111111,-1.6504291332832963,0.012263327721906137,0.016854782478966435,0.00040878650781775607,41.124658916538586,0.9974145750422667
214,202.16666666666663,0.19461111111111112,-1.6504291332832963,0.012263327721906137,0.016854782478966435,0.00040878650781775607,41.124658916538586,0.9974145750422667
215,202.16666666666663,0.19061111111111112,-1.6504291332832963,0.012263327721906137,0.016854782478966435,0.00040878650781775607,41.124658916538586,0.9974145750422667
216,202.16666666666663,0.19661111111111107,-1.6504291332832963,0.012263327721906137,0.016854782478966435,0.00040878650781775607,41.124658916538586,0.9974145750422667
217,202.16666666666663,0.1806111111111111,-1.6504291332832963,0.012263327721906137,0.016854782478966435,0.00040878650781775607,41.124658916538586,0.9974145750422667
218,202.16666666666663,0.20261111111111113,-1.6504291332832963,0.012263327721906137,0.016854782478966435,0.00040878650781775607,41.124658916538586,0.9974145750422667
219,202.16666666666663,0.1586111111111111,-1.6504291332832963,0.012263327721906137,0.016854782478966435,0.00040878650781775607,41.124658916538586,0.9974145750422667
220,209.16666666666663,0.21161111111111108,-1.5391835017424285,0.012603175489021425,0.014930417323928857,0.0004209350063040448,46.42517121400512,1.3088702956958767
221,209.16666666666663,0.2256111111111111,-1.5391835017424285,0.012603175489021425,0.014930417323928857,0.0004209350063040448,46.42517121400512,1.3088702956958767
222,209.16666666666663,0.21061111111111114,-1.5391835017424285,0.012603175489021425,0.014930417323928857,0.0004209350063040448,46.42517121400512,1.3088702956958767
223,209.16666666666663,0.2196111111111111,-1.5391835017424285,0.012603175489021425,0.014930417323928857,0.0004209350063040448,46.42517121400512,1.3088702956958767
224,209.16666666666663,0.20661111111111108,-1.5391835017424285,0.012603175489021425,0.014930417323928857,0.0004209350063040448,46.42517121400512,1.3088702956958767
225,209.16666666666663,0.2206111111111111,-1.5391835017424285,0.012603175489021425,0.014930417323928857,0.0004209350063040448,46.42517121400512,1.3088702956958767
226,209.16666666666663,0.20961111111111108,-1.5391835017424285,0.012603175489021425,0.014930417323928857,0.0004209350063040448,46.42517121400512,1.3088702956958767
227,209.16666666666663,0.1786111111111111,-1.5391835017424285,0.012603175489021425,0.014930417323928857,0.0004209350063040448,46.42517121400512,1.3088702956958767
228,209.16666666666663,0.2196111111111111,-1.5391835017424285,0.012603175489021425,0.014930417323928857,0.0004209350063040448,46.42517121400512,1.3088702956958767
229,209.16666666666663,0.20761111111111114,-1.5391835017424285,0.012603175489021425,0.014930417323928857,0.0004209350063040448,46.42517121400512,1.3088702956958767
230,216.16666666666663,0.2448888888888889,-1.4413298647961312,0.012679931891244198,0.01303741153480198,0.0004908207491270875,53.16601218805304,2.001546231825412
231,216.16666666666663,0.2358888888888889,-1.4413298647961312,0.012679931891244198,0.01303741153480198,0.0004908207491270875,53.16601218805304,2.001546231825412
232,216.16666666666663,0.2358888888888889,-1.4413298647961312,0.012679931891244198,0.01303741153480198,0.0004908207491270875,53.16601218805304,2.001546231825412
233,216.16666666666663,0.2448888888888889,-1.4413298647961312,0.012679931891244198,0.01303741153480198,0.0004908207491270875,53.16601218805304,2.001546231825412
234,216.16666666666663,0.2358888888888889,-1.4413298647961312,0.012679931891244198,0.01303741153480198,0.0004908207491270875,53.16601218805304,2.001546231825412
235,216.16666666666663,0.25388888888888883,-1.4413298647961312,0.012679931891244198,0.01303741153480198,0.0004908207491270875,53.16601218805304,2.001546231825412
236,216.16666666666663,0.2368888888888889,-1.4413298647961312,0.012679931891244198,0.01303741153480198,0.0004908207491270875,53.16601218805304,2.001546231825412
237,216.16666666666663,0.20088888888888892,-1.4413298647961312,0.012679931891244198,0.01303741153480198,0.0004908207491270875,53.16601218805304,2.001546231825412
238,216.16666666666663,0.2328888888888889,-1.4413298647961312,0.012679931891244198,0.01303741153480198,0.0004908207491270875,53.16601218805304,2.001546231825412
239,216.16666666666663,0.24888888888888885,-1.4413298647961312,0.012679931891244198,0.01303741153480198,0.0004908207491270875,53.16601218805304,2.001546231825412
240,223.16666666666663,0.21602777777777782,-1.3564659432340704,0.012641183902400424,0.01122729669258149,0.0006539572725705788,61.73767377305944,3.596039354884009
241,223.16666666666663,0.2720277777777778,-1.3564659432340704,0.012641183902400424,0.01122729669258149,0.0006539572725705788,61.73767377305944,3.596039354884009
242,223.16666666666663,0.25802777777777774,-1.3564659432340704,0.012641183902400424,0.01122729669258149,0.0006539572725705788,61.73767377305944,3.596039354884009
243,223.16666666666663,0.24902777777777774,-1.3564659432340704,0.012641183902400424,0.01122729669258149,0.0006539572725705788,61.73767377305944,3.596039354884009
244,223.16666666666663,0.25302777777777774,-1.3564659432340704,0.012641183902400424,0.01122729669258149,0.0006539572725705788,61.73767377305944,3.596039354884009
245,223.16666666666663,0.26302777777777775,-1.3564659432340704,0.012641183902400424,0.01122729669258149,0.0006539572725705788,61.73767377305944,3.596039354884009
246,223.16666666666663,0.26902777777777775,-1.3564659432340704,0.012641183902400424,0.01122729669258149,0.0006539572725705788,61.73767377305944,3.596039354884009
247,223.16666666666663,0.25302777777777774,-1.3564659432340704,0.012641183902400424,0.01122729669258149,0.0006539572725705788,61.73767377305944,3.596039354884009
248,223.16666666666663,0.2620277777777778,-1.3564659432340704,0.012641183902400424,0.01122729669258149,0.0006539572725705788,61.73767377305944,3.596039354884009
249,223.16666666666663,0.25802777777777774,-1.3564659432340704,0.012641183902400424,0.01122729669258149,0.0006539572725705788,61.73767377305944,3.596039354884009
250,230.16666666666663,0.2796944444444444,-1.2838450426178838,0.01333362778248824,0.009546683413474422,0.0009190546512855225,72.60607171508595,6.989751836447942
251,230.16666666666663,0.2826944444444444,-1.2838450426178838,0.01333362778248824,0.009546683413474422,0.0009190546512855225,72.60607171508595,6.989751836447942
252,230.16666666666663,0.2676944444444444,-1.2838450426178838,0.01333362778248824,0.009546683413474422,0.0009190546512855225,72.60607171508595,6.989751836447942
253,230.16666666666663,0.27169444444444446,-1.2838450426178838,0.01333362778248824,0.009546683413474422,0.0009190546512855225,72.60607171508595,6.989751836447942
254,230.16666666666663,0.2876944444444444,-1.2838450426178838,0.01333362778248824,0.009546683413474422,0.0009190546512855225,72.60607171508595,6.989751836447942
255,230.16666666666663,0.27069444444444446,-1.2838450426178838,0.01333362778248824,0.009546683413474422,0.0009190546512855225,72.60607171508595,6.989751836447942
256,230.16666666666663,0.2876944444444444,-1.2838450426178838,0.01333362778248824,0.009546683413474422,0.0009190546512855225,72.60607171508595,6.989751836447942
257,230.16666666666663,0.23169444444444443,-1.2838450426178838,0.01333362778248824,0.009546683413474422,0.0009190546512855225,72.60607171508595,6.989751836447942
258,230.16666666666663,0.2776944444444444,-1.2838450426178838,0.01333362778248824,0.009546683413474422,0.0009190546512855225,72.60607171508595,6.989751836447942
259,230.16666666666663,0.2806944444444444,-1.2838450426178838,0.01333362778248824,0.009546683413474422,0.0009190546512855225,72.60607171508595,6.989751836447942
260,237.16666666666663,0.3029722222222222,-1.2224157248483323,0.016498676284405434,0.008035810426028411,0.0012814367113907206,86.2572838098327,13.75508433359068
261,237.16666666666663,0.3069722222222222,-1.2224157248483323,0.016498676284405434,0.008035810426028411,0.0012814367113907206,86.2572838098327,13.75508433359068
262,237.16666666666663,0.25097222222222226,-1.2224157248483323,0.016498676284405434,0.008035810426028411,0.0012814367113907206,86.2572838098327,13.75508433359068
263,237.16666666666663,0.2969722222222222,-1.2224157248483323,0.016498676284405434,0.008035810426028411,0.0012814367113907206,86.2572838098327,13.75508433359068
264,237.16666666666663,0.2859722222222223,-1.2224157248483323,0.016498676284405434,0.008035810426028411,0.0012814367113907206,86.2572838098327,13.75508433359068
265,237.16666666666663,0.2989722222222222,-1.2224157248483323,0.016498676284405434,0.008035810426028411,0.0012814367113907206,86.2572838098327,13.75508433359068
266,237.16666666666663,0.3099722222222222,-1.2224157248483323,0.016498676284405434,0.008035810426028411,0.0012814367113907206,86.2572838098327,13.75508433359068
267,237.16666666666663,0.3089722222222222,-1.2224157248483323,0.016498676284405434,0.008035810426028411,0.0012814367113907206,86.2572838098327,13.75508433359068
268,237.16666666666663,0.2909722222222223,-1.2224157248483323,0.016498676284405434,0.008035810426028411,0.0012814367113907206,86.2572838098327,13.75508433359068
269,237.16666666666663,0.2919722222222222,-1.2224157248483323,0.016498676284405434,0.008035810426028411,0.0012814367113907206,86.2572838098327,13.75508433359068
270,244.16666666666663,0.3281111111111111,-1.1708706975068992,0.023666743880559577,0.0067273698486089994,0.0017360381056525395,103.03390420897782,26.588516449400164
271,244.16666666666663,0.3111111111111111,-1.1708706975068992,0.023666743880559577,0.0067273698486089994,0.0017360381056525395,103.03390420897782,26.588516449400164
272,244.16666666666663,0.27211111111111114,-1.1708706975068992,0.023666743880559577,0.0067273698486089994,0.0017360381056525395,103.03390420897782,26.588516449400164
273,244.16666666666663,0.3151111111111111,-1.1708706975068992,0.023666743880559577,0.0067273698486089994,0.0017360381056525395,103.03390420897782,26.588516449400164
274,244.16666666666663,0.31911111111111107,-1.1708706975068992,0.023666743880559577,0.0067273698486089994,0.0017360381056525395,103.03390420897782,26.588516449400164
275,244.16666666666663,0.3351111111111111,-1.1708706975068992,0.023666743880559577,0.0067273698486089994,0.0017360381056525395,103.03390420897782,26.588516449400164
276,244.16666666666663,0.3301111111111111,-1.1708706975068992,0.023666743880559577,0.0067273698486089994,0.0017360381056525395,103.03390420897782,26.588516449400164
277,244.16666666666663,0.3221111111111111,-1.1708706975068992,0.023666743880559577,0.0067273698486089994,0.0017360381056525395,103.03390420897782,26.588516449400164
278,244.16666666666663,0.3161111111111111,-1.1708706975068992,0.023666743880559577,0.0067273698486089994,0.0017360381056525395,103.03390420897782,26.588516449400164
279,244.16666666666663,0.3281111111111111,-1.1708706975068992,0.023666743880559577,0.0067273698486089994,0.0017360381056525395,103.03390420897782,26.588516449400164
