parameter,dimension,mean,mode,median,hpd_min,hpd_max,mass_fraction,atc_ngml,carbon,temp
fc_mu,1,0.33039594277886436,0.32249894314968897,0.3317148984712096,0.26685043019226506,0.38841484682559757,0.95,0.1,acetate,37
fc_mu,2,0.20818413050771692,0.2779303715997127,0.20932479161737955,0.08540577947647099,0.32095525099088995,0.95,0.2,acetate,37
fc_mu,3,0.4850405175456168,0.4859515446719146,0.4906551090239707,0.3854887476673936,0.575743436870738,0.95,0.3,acetate,37
fc_mu,4,0.4997365675566879,0.5165102391690835,0.513125632727371,0.341503693199956,0.5851198337155536,0.95,0.4,acetate,37
fc_mu,5,0.20277550442283454,0.1554114649846141,0.1940126544756331,0.09793933311769776,0.3421295764629396,0.95,0.7,acetate,37
fc_mu,6,0.21719889241083634,0.15888105775758155,0.22143674946267144,0.09312479965810805,0.31970662567647323,0.95,1.0,acetate,37
fc_mu,7,0.1590561254283304,0.21081507916249165,0.15294239958270467,0.07410941353184641,0.25245644491853747,0.95,2.0,acetate,37
fc_mu,8,0.08142110443115376,0.08266678661272775,0.07795989528708114,0.022703912589447817,0.14064172630563831,0.95,3.0,acetate,37
fc_mu,9,0.06750406456924284,0.059964196235602674,0.06725853046563768,0.04039317745588844,0.09528296298095107,0.95,4.0,acetate,37
fc_mu,10,0.029916886259852532,0.031134921948045235,0.02978092799335913,0.020839367996271507,0.03925789433502169,0.95,7.0,acetate,37
fc_mu,11,0.03212621639109861,0.030899902039633664,0.03221388132484321,0.02623013978078359,0.037836899688094894,0.95,10.0,acetate,37
fc_sigma,1,0.04668735333795996,0.07246444882274101,0.0315049641489757,0.00012686904203689309,0.13171339783344926,0.95,0.1,acetate,37
fc_sigma,2,0.06448871048546956,0.09437885417192007,0.05028694479967865,0.00146158955406279,0.16649407945821795,0.95,0.2,acetate,37
fc_sigma,3,0.06426235042845815,0.032641206928987934,0.05198439801256183,0.0019811796036579977,0.16580735676340547,0.95,0.3,acetate,37
fc_sigma,4,0.05949655278521165,0.05237961929336243,0.03819013861488723,0.002493984515208595,0.17540975558350735,0.95,0.4,acetate,37
fc_sigma,5,0.06524104982713988,0.06549097567243066,0.049685197053801214,0.004137538141430785,0.17745209810702892,0.95,0.7,acetate,37
fc_sigma,6,0.1747151007127071,0.17438939148984392,0.1718898329921648,0.11487618866334091,0.24107199118024009,0.95,1.0,acetate,37
fc_sigma,7,0.1745450052817487,0.15468334633489325,0.17236956997795483,0.10814466092208624,0.24344211994136206,0.95,2.0,acetate,37
fc_sigma,8,0.08383328739900438,0.060995308087704064,0.07583927513049413,0.03635639361839981,0.14323637126470765,0.95,3.0,acetate,37
fc_sigma,9,0.0432767094787459,0.029701136922882905,0.040760539207080185,0.024850597091159755,0.07057303596653079,0.95,4.0,acetate,37
fc_sigma,10,0.012191095619751593,0.008128519747083807,0.011967789460345744,0.005928668449832579,0.019198140382371276,0.95,7.0,acetate,37
fc_sigma,11,0.007574389409296582,0.006743158585826192,0.006807051603784226,0.004161058105491355,0.012782926109549312,0.95,10.0,acetate,37
rep_mu,1,0.04724187612284273,0.021322344366568213,1.8805880186434365e-09,2.220446049250313e-16,0.3734726642373073,0.95,0.1,acetate,37
rep_mu,2,0.008736367845600793,2.672972954087527e-12,8.19023293630039e-10,2.220446049250313e-16,0.01833759331591056,0.95,0.2,acetate,37
rep_mu,3,0.04106726518343974,3.241451551616592e-11,2.018389899660633e-10,2.220446049250313e-16,0.317042694713665,0.95,0.3,acetate,37
rep_mu,4,0.05719295686871787,0.020753265610349958,1.0393077935433315e-05,2.220446049250313e-16,0.4560801524695389,0.95,0.4,acetate,37
rep_mu,5,0.015454119638391179,1.9984014443252818e-14,4.772954109721894e-08,2.220446049250313e-16,0.0693926034632214,0.95,0.7,acetate,37
rep_mu,6,0.027753154334799267,8.93507490218326e-13,2.3092076301134412e-07,2.220446049250313e-16,0.15686365570463734,0.95,1.0,acetate,37
rep_mu,7,0.012015608978032274,1.199040866595169e-14,9.033344072761906e-10,2.220446049250313e-16,0.021652498261098718,0.95,2.0,acetate,37
rep_mu,8,0.027053525990031756,0.14276039453569178,2.4262174491695987e-09,2.220446049250313e-16,0.17882114103371716,0.95,3.0,acetate,37
rep_mu,9,0.015474460697843848,4.175135164263821e-06,1.4359071709435511e-09,2.220446049250313e-16,0.06184422480920626,0.95,4.0,acetate,37
rep_mu,10,0.07847560937108354,0.2171283841800653,3.450268818283586e-05,2.220446049250313e-16,0.565288436836813,0.95,7.0,acetate,37
rep_mu,11,0.01413503805821619,2.886579864025407e-15,2.1385049286948288e-10,2.220446049250313e-16,0.025647487131631896,0.95,10.0,acetate,37
rep_sigma,1,54.34905913561366,19.014769357248085,41.87350968935193,5.611031579725663,145.32719331060432,0.95,0.1,acetate,37
rep_sigma,2,36.958601318656456,27.27935922970103,22.2622067621169,5.3190051004985595,112.5856010309686,0.95,0.2,acetate,37
rep_sigma,3,34.281139612489675,6.4371570510636404,22.988136148218437,1.6794768821169732,109.1806421441966,0.95,0.3,acetate,37
rep_sigma,4,27.25061885775647,23.72139526247236,17.210205436158525,2.467061409102477,91.88394485868197,0.95,0.4,acetate,37
rep_sigma,5,90.43052791004379,28.76975708889028,81.33223645597997,10.156208396266829,200.19503501592908,0.95,0.7,acetate,37
rep_sigma,6,56.01537064694038,44.53493316128933,52.227461115367774,32.0740979142791,83.02226832872807,0.95,1.0,acetate,37
rep_sigma,7,60.07844675363815,50.66602504084145,57.72510301377669,30.546422774367677,92.15768823369784,0.95,2.0,acetate,37
rep_sigma,8,89.51865422460907,119.7675080598003,84.54367016690185,55.389986371392006,136.75350592453987,0.95,3.0,acetate,37
rep_sigma,9,85.32414012728763,75.92461940849647,78.10106524408428,53.34153730457923,131.01387903646926,0.95,4.0,acetate,37
rep_sigma,10,141.72971415556367,122.69445551776863,143.48234648203783,78.93077843468221,200.74675154696268,0.95,7.0,acetate,37
rep_sigma,11,127.87276753957761,97.01240445588552,118.71297766192635,80.73309150732807,194.120351903317,0.95,10.0,acetate,37
empirical_F,1,-0.7094070104711061,-0.7423112535040681,-0.7004390207468598,-0.9925642297887773,-0.43732385072237284,0.95,0.1,acetate,37
empirical_F,2,-1.3712526889669012,-0.9547509520222169,-1.32900020198561,-2.0423491518446926,-0.5289721856409806,0.95,0.2,acetate,37
empirical_F,3,-0.06050306673711244,-0.056208615469517643,-0.03738391715352126,-0.46631523655436635,0.3053237654148992,0.95,0.3,acetate,37
empirical_F,4,-0.0023297234047432026,0.06606497502086704,0.05251459623642979,-0.6566004190699722,0.3438269476208278,0.95,0.4,acetate,37
empirical_F,5,-1.4105580180631918,-1.6927733554908941,-1.4241446558780357,-2.142506796935987,-0.5880293267706405,0.95,0.7,acetate,37
empirical_F,6,-1.3205135496767435,-1.6665772216491743,-1.2573132414166057,-2.134295262761549,-0.6707340151914785,0.95,1.0,acetate,37
empirical_F,7,-1.7162352570779629,-1.3200193199319679,-1.7117073204849222,-2.475955564565838,-1.051136808339667,0.95,2.0,acetate,37
empirical_F,8,-2.5041118918944534,-2.4066528711737263,-2.470394188783448,-3.44669972276917,-1.7137896969214401,0.95,3.0,acetate,37
empirical_F,9,-2.651501779050462,-2.7521703089481133,-2.6295842102793188,-3.1316190859544886,-2.2214268794163954,0.95,4.0,acetate,37
empirical_F,10,-3.4907349914484387,-3.43779528242636,-3.483653705875029,-3.8144628193707315,-3.17108073070338,0.95,7.0,acetate,37
empirical_F,11,-3.4095331849779758,-3.445614893164075,-3.4026136543819048,-3.6138787712779714,-3.235524748268813,0.95,10.0,acetate,37
fc_mu,1,0.26611566669818204,0.24515088165312293,0.27310702422153593,0.11349971460649311,0.3913737533393652,0.95,1.0,glucose,32
fc_mu,2,0.1057675860446991,0.11523109229388673,0.1001464544331262,0.03327924816783012,0.19698278854665596,0.95,2.0,glucose,32
fc_mu,3,0.03934178694865494,0.03894061920343472,0.039476528293516056,0.023097548464640516,0.056233861667083884,0.95,3.0,glucose,32
fc_mu,4,0.02372783414489151,0.02320947523403194,0.023497304724664658,0.018746839927491266,0.02811153331792493,0.95,4.0,glucose,32
fc_mu,5,0.022801489450771102,0.01738811177483557,0.021024157282459932,0.012140267396955173,0.03817890082181119,0.95,7.0,glucose,32
fc_mu,6,0.01626383178534637,0.01663659328230882,0.01616778452599449,0.012770207383492882,0.020473746905293355,0.95,10.0,glucose,32
fc_sigma,1,0.14798279485421914,0.09896278079987293,0.1400379471941835,0.07412474470756891,0.24631026523040037,0.95,1.0,glucose,32
fc_sigma,2,0.09384646906678236,0.06679503277940027,0.08796086162433848,0.044152192629020634,0.15748091797784494,0.95,2.0,glucose,32
fc_sigma,3,0.01997657800233074,0.012170594245827863,0.016797017164591074,0.007243384390619988,0.040625022649963406,0.95,3.0,glucose,32
fc_sigma,4,0.004756884050604501,0.0033832774001003496,0.003929399722819542,0.0015983899881216808,0.009269325406823554,0.95,4.0,glucose,32
fc_sigma,5,0.012607900066518254,0.007997603137306844,0.007916939377460143,0.002659569691837521,0.04120458651032722,0.95,7.0,glucose,32
fc_sigma,6,0.0038754326079465215,0.0029484212962863896,0.0033504553768915883,0.0013543922707299238,0.007417152103201106,0.95,10.0,glucose,32
rep_mu,1,0.06092222600554136,0.0626373775488186,1.6414807402220788e-08,2.220446049250313e-16,0.5747240371339746,0.95,1.0,glucose,32
rep_mu,2,0.01881267483545864,6.705747068735946e-14,7.561418158275046e-11,2.220446049250313e-16,0.06185981747817604,0.95,2.0,glucose,32
rep_mu,3,0.019835997662904403,8.393286066166183e-13,2.5924756785755676e-09,2.220446049250313e-16,0.0835612603222674,0.95,3.0,glucose,32
rep_mu,4,0.01982280296823824,5.737854635867734e-12,7.457420236889334e-10,2.220446049250313e-16,0.09740803933920972,0.95,4.0,glucose,32
rep_mu,5,0.03477442423184522,0.007235667363505782,2.5240903700485262e-08,2.220446049250313e-16,0.22509449758907296,0.95,7.0,glucose,32
rep_mu,6,0.023181646016714727,1.1918501874541576e-05,2.279535005200728e-09,2.220446049250313e-16,0.12452186234411655,0.95,10.0,glucose,32
rep_sigma,1,3.058477923098319,2.8433345847991145,2.604594241122884,0.9154511367983471,6.345997564699615,0.95,1.0,glucose,32
rep_sigma,2,8.614869385937004,6.529598087568324,7.7150529674192985,3.5630492007661787,15.86867451053332,0.95,2.0,glucose,32
rep_sigma,3,21.820449961850017,21.92289131464696,19.768433256636595,8.48055503006307,39.03076028945,0.95,3.0,glucose,32
rep_sigma,4,23.64767053139065,19.173779339747842,21.14458620910907,10.631119109540869,44.117061746054226,0.95,4.0,glucose,32
rep_sigma,5,87.8866283423397,69.12762289789383,77.53284641922609,38.40888002658463,162.07641822881604,0.95,7.0,glucose,32
rep_sigma,6,108.47705420338742,103.06412442923956,102.78823817132044,60.00973919970243,169.0757180719607,0.95,10.0,glucose,32
empirical_F,1,-1.0493947313417198,-1.1246440215554485,-0.9789155054155934,-1.8532284712094886,-0.31789531131462806,0.95,1.0,glucose,32
empirical_F,2,-2.222217052860041,-2.0383868794436055,-2.195598364080146,-3.160795080795037,-1.3065355596519046,0.95,2.0,glucose,32
empirical_F,3,-3.2228409659323574,-3.2059982963999305,-3.191772144056106,-3.68476766678945,-2.7847460400110644,0.95,3.0,glucose,32
empirical_F,4,-3.722870569206465,-3.739711611915456,-3.7270917884472627,-3.948058507715429,-3.536138029209393,0.95,4.0,glucose,32
empirical_F,5,-3.796162225125241,-4.034427477024355,-3.840834843451458,-4.295480226877663,-3.1518026643671546,0.95,7.0,glucose,32
empirical_F,6,-4.1096183802141795,-4.0793740594984325,-4.108434716961891,-4.347787921792036,-3.867925612912743,0.95,10.0,glucose,32
fc_mu,1,0.6135043958304033,0.615897853486666,0.6141307986642253,0.5942088546176453,0.630926885725782,0.95,0.09999999999999999,glucose,37
fc_mu,2,0.44735591018268445,0.43261524495257253,0.4486055334542464,0.3297516714488613,0.5507457782363278,0.95,0.19999999999999998,glucose,37
fc_mu,3,0.2214329657782579,0.2079527401527047,0.2247116841896285,0.14543054452618076,0.29065448834048146,0.95,0.3,glucose,37
fc_mu,4,0.18630568075291076,0.17825423939848095,0.18589697657741272,0.11463989898723304,0.264633835554258,0.95,0.39999999999999997,glucose,37
fc_mu,5,0.06623001514860614,0.06618875784023437,0.06632595181319872,0.04756945269985935,0.08493844581720311,0.95,0.7000000000000001,glucose,37
fc_mu,6,0.09190192004019436,0.08217968877645199,0.09021081350162652,0.05779906965033332,0.13207639890386824,0.95,1.0,glucose,37
fc_mu,7,0.0543071583482886,0.04594970591865444,0.05383025333174918,0.03431929963540381,0.07437217703353682,0.95,2.0,glucose,37
fc_mu,8,0.03051927195664457,0.03279516405902205,0.030287979876517213,0.01720092301153109,0.04538908309928069,0.95,3.0,glucose,37
fc_mu,9,0.02631170613090154,0.025584634746944057,0.02656819257828802,0.018642447113036975,0.03275485786688237,0.95,4.0,glucose,37
fc_mu,10,0.025945587939760123,0.02881466045050174,0.02568251671226235,0.016594404357425208,0.03346538035115565,0.95,7.0,glucose,37
fc_mu,11,0.023936173956112913,0.02865801666041079,0.0242866774544076,0.01183088024517931,0.03521673407372383,0.95,10.0,glucose,37
fc_sigma,1,0.03295673245796106,0.0246820610085753,0.03156052514055473,0.018105724706856882,0.05170417067363395,0.95,0.09999999999999999,glucose,37
fc_sigma,2,0.18063755920794763,0.15933331103405493,0.17924898584236268,0.12901299963573398,0.22318703711194993,0.95,0.19999999999999998,glucose,37
fc_sigma,3,0.10413962340336046,0.11261636180597666,0.10269612753031651,0.06094429163913308,0.14654798495210122,0.95,0.3,glucose,37
fc_sigma,4,0.15062411810702225,0.14479760892956528,0.14341540275800466,0.10748021552624074,0.2180196518644003,0.95,0.39999999999999997,glucose,37
fc_sigma,5,0.03425746433746947,0.027944712960621204,0.032541070395444516,0.020382923438622403,0.05025138872125086,0.95,0.7000000000000001,glucose,37
fc_sigma,6,0.09110719205133207,0.07448985874057397,0.09050975365612132,0.07024086725912387,0.11671483702536761,0.95,1.0,glucose,37
fc_sigma,7,0.03238822298771279,0.02685921234450118,0.02992906419799505,0.020789140061092483,0.04911468165294877,0.95,2.0,glucose,37
fc_sigma,8,0.020932094755353188,0.01577156113551167,0.021145235933426917,0.009594407386666656,0.03775717528687147,0.95,3.0,glucose,37
fc_sigma,9,0.010218568416986738,0.006798968192134154,0.009433071674330516,0.004406785687801254,0.019405770562955945,0.95,4.0,glucose,37
fc_sigma,10,0.013867103045977464,0.011931060132269442,0.012810301431292673,0.00841625035201366,0.021621227792069573,0.95,7.0,glucose,37
fc_sigma,11,0.01716912593810782,0.012076090518021372,0.016839353058197608,0.008392147794488726,0.02563046839565228,0.95,10.0,glucose,37
rep_mu,1,0.016730058672801914,0.004034329412628379,1.4536713027757386e-07,2.220446049250313e-16,0.05103936353827221,0.95,0.09999999999999999,glucose,37
rep_mu,2,0.08075761077407195,0.040778153852769394,1.4718742747554803e-05,2.220446049250313e-16,0.6486127018053263,0.95,0.19999999999999998,glucose,37
rep_mu,3,0.02199264496781849,0.005679635408989969,7.257627832046865e-11,2.220446049250313e-16,0.09715249069631293,0.95,0.3,glucose,37
rep_mu,4,0.010003686839960764,2.0650148258027912e-14,3.774758283725532e-14,2.220446049250313e-16,0.0024900012433723973,0.95,0.39999999999999997,glucose,37
rep_mu,5,0.0949089397000814,0.5694456279452901,7.380121047617649e-08,2.220446049250313e-16,0.6940989312888447,0.95,0.7000000000000001,glucose,37
rep_mu,6,0.03169625676639121,0.005961318258264736,9.364663555722075e-07,2.220446049250313e-16,0.1459184158458653,0.95,1.0,glucose,37
rep_mu,7,0.018678821840208103,2.546748367748819e-09,3.135672832499381e-10,2.220446049250313e-16,0.0850729119692969,0.95,2.0,glucose,37
rep_mu,8,0.011878576312564953,3.26405569239796e-14,8.185518929337832e-11,2.220446049250313e-16,0.019242046284161818,0.95,3.0,glucose,37
rep_mu,9,0.026733161774219555,2.2941648580854235e-12,1.2667503379582001e-08,2.220446049250313e-16,0.18480053759437387,0.95,4.0,glucose,37
rep_mu,10,0.01528991816258081,3.404260779937829e-07,1.1479969197480955e-09,2.220446049250313e-16,0.05862601281844437,0.95,7.0,glucose,37
rep_mu,11,0.016233293515854213,4.440892098500626e-16,1.9118484573255046e-11,2.220446049250313e-16,0.028575616935213266,0.95,10.0,glucose,37
rep_sigma,1,7.624024113511076,5.121388110485397,7.249782530382417,4.160743857064084,11.785200578670683,0.95,0.09999999999999999,glucose,37
rep_sigma,2,7.379846490644622,8.445244596804612,7.072812547235591,4.7854788095064515,10.831224782907212,0.95,0.19999999999999998,glucose,37
rep_sigma,3,13.355506220260995,13.876750308872065,12.371006917630961,7.334490994784902,21.25051707777089,0.95,0.3,glucose,37
rep_sigma,4,20.323656931668147,15.974846255317752,18.428028079415036,11.435730548220846,33.57367234439757,0.95,0.39999999999999997,glucose,37
rep_sigma,5,70.76023602875492,65.05527864401596,68.57161131339544,48.670514001870245,98.6588687769349,0.95,0.7000000000000001,glucose,37
rep_sigma,6,90.37773275073167,78.27503879296829,88.25979014658279,60.47231438044336,137.40225105396016,0.95,1.0,glucose,37
rep_sigma,7,80.90579635933054,78.03821879273863,80.16973466348225,41.25510177254385,115.04719831515382,0.95,2.0,glucose,37
rep_sigma,8,107.4371175125279,97.00749573690709,104.87716296103571,64.20746449743152,154.91345224701402,0.95,3.0,glucose,37
rep_sigma,9,118.59250907626631,119.16542995204466,111.44508445849094,84.06335379682253,177.34385926528518,0.95,4.0,glucose,37
rep_sigma,10,150.93270984623334,127.52931127058979,146.23244802213213,92.3042528603482,236.75919895573185,0.95,7.0,glucose,37
rep_sigma,11,146.80296566061045,105.24869119593569,144.16079808826356,80.14700439243028,221.1385068737657,0.95,10.0,glucose,37
empirical_F,1,0.4622312773722443,0.47217260376218323,0.46470947720392364,0.38139225766202617,0.5361952192679822,0.95,0.09999999999999999,glucose,37
empirical_F,2,-0.21432223559798072,-0.27118890073153945,-0.20630650630911038,-0.7093084229225226,0.2036843971932233,0.95,0.19999999999999998,glucose,37
empirical_F,3,-1.2703507291335696,-1.3373102184777856,-1.2384168037776395,-1.7182190883399846,-0.8459013603105442,0.95,0.3,glucose,37
empirical_F,4,-1.496252746685145,-1.5282202110896372,-1.4768942916658043,-2.0290660247326495,-1.0137606246039264,0.95,0.39999999999999997,glucose,37
empirical_F,5,-2.6565279414375476,-2.646763694238745,-2.6445461418885,-2.9732194130409852,-2.357281150568231,0.95,0.7000000000000001,glucose,37
empirical_F,6,-2.3124835230056497,-2.4130934557010244,-2.3110636069127164,-2.7672070355402605,-1.8665381075138883,0.95,1.0,glucose,37
empirical_F,7,-2.8783179162253427,-3.033168940469584,-2.8665863518695636,-3.2973865895967163,-2.492337829526104,0.95,2.0,glucose,37
empirical_F,8,-3.4858935488475566,-3.3841292319318352,-3.466248211016783,-3.936372260882244,-2.963498999716719,0.95,3.0,glucose,37
empirical_F,9,-3.6225236335777096,-3.6398456996763966,-3.6011130409324155,-3.9598500008295643,-3.3820948333084506,0.95,4.0,glucose,37
empirical_F,10,-3.6391993775970035,-3.5176330239558182,-3.6359267320597164,-3.9754576722862667,-3.277896350018494,0.95,7.0,glucose,37
empirical_F,11,-3.750958521031236,-3.52324538569154,-3.6932408697052175,-4.400344359912392,-3.294586184218943,0.95,10.0,glucose,37
fc_mu,1,0.4348741115560626,0.47812746890408353,0.4369107219076352,0.2595764605281319,0.5854926848241568,0.95,1.0,glucose,42
fc_mu,2,0.2289593985219011,0.255595147031347,0.2292676847369105,0.09916130832610659,0.37084450158165716,0.95,2.0,glucose,42
fc_mu,3,0.12094876275884885,0.16207731507023826,0.12043084195903436,0.029791246452622544,0.20895981258861807,0.95,3.0,glucose,42
fc_mu,4,0.07707452252476753,0.07576122974026933,0.07689636947731299,0.030499277999598173,0.12198251581759101,0.95,4.0,glucose,42
fc_mu,5,0.039709601361036274,0.04132040335344156,0.038743858719622715,0.016288190805370806,0.06125285343955278,0.95,7.0,glucose,42
fc_mu,6,0.03362439092925034,0.03483065140514785,0.03368738750022843,0.024565847306059818,0.043511842052051275,0.95,10.0,glucose,42
fc_sigma,1,0.20846490780429708,0.16868348876535827,0.20414440092335048,0.13297910088685322,0.28839927876196614,0.95,1.0,glucose,42
fc_sigma,2,0.16633798405674732,0.17790991241610674,0.16137189161921242,0.09866806463236626,0.2418758847953781,0.95,2.0,glucose,42
fc_sigma,3,0.12838525176798535,0.13268729596231515,0.12320531418669298,0.07433333600675016,0.19513836298824122,0.95,3.0,glucose,42
fc_sigma,4,0.0499098431096857,0.04009870752198091,0.04482095683685164,0.019727355039271696,0.09110171364185994,0.95,4.0,glucose,42
fc_sigma,5,0.02597560528478945,0.020290227578599513,0.02219836988587863,0.00809215041971706,0.053058869524292576,0.95,7.0,glucose,42
fc_sigma,6,0.00961896139353482,0.00805385074565074,0.008258573593530957,0.0032603446340736066,0.01956106538580335,0.95,10.0,glucose,42
rep_mu,1,0.029458514421067655,1.413525927418391e-07,1.0393967797561743e-08,2.220446049250313e-16,0.17675342934389549,0.95,1.0,glucose,42
rep_mu,2,0.03194666404155929,0.012216789033500652,2.4893548444815394e-08,2.220446049250313e-16,0.2102584073297602,0.95,2.0,glucose,42
rep_mu,3,0.02834191513915888,1.509903313490213e-14,5.5143815069769175e-09,2.220446049250313e-16,0.17710234014192505,0.95,3.0,glucose,42
rep_mu,4,0.03115308086681648,9.769962616701378e-15,5.5794538655895565e-08,2.220446049250313e-16,0.1933102019298807,0.95,4.0,glucose,42
rep_mu,5,0.030918881297289556,2.220446049250313e-16,1.8443223948061416e-08,2.220446049250313e-16,0.21002917330468696,0.95,7.0,glucose,42
rep_mu,6,0.029236287190080423,0.0019210668241234075,1.4675476167624879e-08,2.220446049250313e-16,0.1813448208234314,0.95,10.0,glucose,42
rep_sigma,1,16.052499000740543,13.565768941060757,14.501922536421219,7.433239661129836,29.271183491984498,0.95,1.0,glucose,42
rep_sigma,2,43.230265938804855,37.04461421466735,39.69843052781458,19.728575483164928,73.82962975666501,0.95,2.0,glucose,42
rep_sigma,3,74.17539815552088,71.7295645947913,68.94813274110835,36.07694312649017,125.13203079455859,0.95,3.0,glucose,42
rep_sigma,4,83.5943511307477,79.00694674705672,78.41024056147529,42.24046140705504,137.07879007530346,0.95,4.0,glucose,42
rep_sigma,5,221.47776333588706,185.01977523381785,216.50115607154925,148.83001442553362,305.8709744135668,0.95,7.0,glucose,42
rep_sigma,6,262.81177273307105,224.82574478138383,258.98812477883064,183.57721433587812,355.598145833144,0.95,10.0,glucose,42
empirical_F,1,-0.27055447788974885,-0.08754599647133007,-0.2537093153126757,-1.022297382166996,0.3662157911383162,0.95,1.0,glucose,42
empirical_F,2,-1.2656601842067765,-1.0689903083013654,-1.2124508729601797,-2.1449042350589105,-0.4871636818166734,0.95,2.0,glucose,42
empirical_F,3,-2.074246739900921,-1.6428523599022704,-1.988356531925977,-3.1758033415737064,-1.214971775968517,0.95,3.0,glucose,42
empirical_F,4,-2.531029215336256,-2.501383766833522,-2.4852828398173,-3.2252779904525726,-1.8140304811788106,0.95,4.0,glucose,42
empirical_F,5,-3.2305481680902055,-3.1442005116397787,-3.211268656610203,-3.8933359729224053,-2.6175856434665694,0.95,7.0,glucose,42
empirical_F,6,-3.368646065837214,-3.3218057900951683,-3.356363888132483,-3.666609597689272,-3.077554754232564,0.95,10.0,glucose,42
fc_mu,1,0.4850220674608261,0.45492520819799165,0.48509022242230143,0.3583405145827382,0.5995709458218106,0.95,0.09999999999999999,glycerol,37
fc_mu,2,0.2384085103259389,0.2423857032072222,0.238058586378827,0.11282353562244307,0.3714096181853763,0.95,0.19999999999999998,glycerol,37
fc_mu,3,0.11604040953645008,0.10945412615277261,0.10767013783361618,0.045510875336296275,0.20196433395554603,0.95,0.3,glycerol,37
fc_mu,4,0.08624066066837736,0.10992122520656078,0.08545528156937865,0.048686496592602824,0.12110167920794634,0.95,0.39999999999999997,glycerol,37
fc_mu,5,0.13612055266045364,0.1578080563696712,0.1290928431027657,0.009846567823121544,0.27505724228541617,0.95,0.7000000000000001,glycerol,37
fc_mu,6,0.05290376397979049,0.053846218250755196,0.051982827863145065,0.0332622520168967,0.07264810084007922,0.95,1.0,glycerol,37
fc_mu,7,0.025178012598747974,0.026720228197876672,0.025211905340680185,0.021510971891496422,0.028509183296401508,0.95,2.0,glycerol,37
fc_mu,8,0.02104079405604928,0.020050350555043228,0.021032672710588507,0.016620796264074422,0.025715020045034676,0.95,3.0,glycerol,37
fc_mu,9,0.023156634204437154,0.019705151777194563,0.02293946001159447,0.013039788958813414,0.032987871988851,0.95,4.0,glycerol,37
fc_mu,10,0.024325635137609387,0.024494144028396114,0.02423952211635083,0.013455260363568589,0.034143594853058956,0.95,7.0,glycerol,37
fc_mu,11,0.04141580865711789,0.0448147669853709,0.0408761952311229,0.019849445305174185,0.06131331677815566,0.95,10.0,glycerol,37
fc_sigma,1,0.17633861741090953,0.15778921428675807,0.17191619199297387,0.11758644131184455,0.24095058420905896,0.95,0.09999999999999999,glycerol,37
fc_sigma,2,0.1258584697413691,0.11074096606339037,0.11871151522165874,0.07886809098253544,0.18839354127086244,0.95,0.19999999999999998,glycerol,37
fc_sigma,3,0.09102408002620521,0.06803001206228895,0.08175747252408755,0.04261689523276347,0.16127360747851227,0.95,0.3,glycerol,37
fc_sigma,4,0.05232589248439017,0.0527896514131342,0.05119852915007757,0.016374052421401934,0.07502947603335643,0.95,0.39999999999999997,glycerol,37
fc_sigma,5,0.22832050223091852,0.2618517893061512,0.21697824817692046,0.14127863532330187,0.3414760971204997,0.95,0.7000000000000001,glycerol,37
fc_sigma,6,0.037707656321065965,0.04618161069766556,0.03697409035413936,0.026216799029535654,0.05055024576690074,0.95,1.0,glycerol,37
fc_sigma,7,0.0062886045051513345,0.006663447650715395,0.005946388624141711,0.003805323367589999,0.009483936399653989,0.95,2.0,glycerol,37
fc_sigma,8,0.009614003271145805,0.007651888418614347,0.008900011694015674,0.005820908257455494,0.015471623003649246,0.95,3.0,glycerol,37
fc_sigma,9,0.016650295316162248,0.01838822962004291,0.01555745263688135,0.009565384344791166,0.026386821217292102,0.95,4.0,glycerol,37
fc_sigma,10,0.018757542425655534,0.018160587860888616,0.018681879903392516,0.011935075678707309,0.02549044469904575,0.95,7.0,glycerol,37
fc_sigma,11,0.04305356138909304,0.04759243959109942,0.0425456185167242,0.026264558133130608,0.05883842862447908,0.95,10.0,glycerol,37
rep_mu,1,0.044107267629791266,7.883027564048461e-12,3.3680946920355836e-11,2.220446049250313e-16,0.36788749071643045,0.95,0.09999999999999999,glycerol,37
rep_mu,2,0.01165824758871078,6.66755539668884e-12,6.972766118384932e-07,2.220446049250313e-16,0.026526114211992913,0.95,0.19999999999999998,glycerol,37
rep_mu,3,0.028078367193638452,6.283862319378386e-14,1.687017636697874e-09,2.220446049250313e-16,0.15577127518398937,0.95,0.3,glycerol,37
rep_mu,4,0.015657752595306045,1.3302401624670779e-08,9.838481140889144e-09,2.220446049250313e-16,0.05064522373395319,0.95,0.39999999999999997,glycerol,37
rep_mu,5,0.01302971522937078,2.4424906541753444e-14,1.6432577520930636e-10,2.220446049250313e-16,0.02802551909894213,0.95,0.7000000000000001,glycerol,37
rep_mu,6,0.03749652171375575,0.006321303003411605,2.485155453091359e-07,2.220446049250313e-16,0.27220112597928225,0.95,1.0,glycerol,37
rep_mu,7,0.042595965320836295,7.634128884603797e-10,4.965532714729104e-06,2.220446049250313e-16,0.29704951057796036,0.95,2.0,glycerol,37
rep_mu,8,0.03251957874232601,0.06067071215894737,2.1704724684212806e-09,2.220446049250313e-16,0.2323247855566628,0.95,3.0,glycerol,37
rep_mu,9,0.025623778174680853,0.003975463067856677,2.891338612975858e-09,2.220446049250313e-16,0.17978329061142861,0.95,4.0,glycerol,37
rep_mu,10,0.0025077509987266964,1.1102230246251565e-15,1.833311280563521e-12,2.220446049250313e-16,6.281594465917806e-06,0.95,7.0,glycerol,37
rep_mu,11,0.02647396518978553,6.863166725090686e-05,4.088079874620121e-10,2.220446049250313e-16,0.12397386104854224,0.95,10.0,glycerol,37
rep_sigma,1,8.685319572456551,9.588758645921072,8.204261537156356,4.695911643712295,13.616312864534057,0.95,0.09999999999999999,glycerol,37
rep_sigma,2,27.241246460560117,29.15726464213251,25.785408970726294,14.610993299447985,43.063850460476274,0.95,0.19999999999999998,glycerol,37
rep_sigma,3,15.165693390602488,11.778131677051507,13.516654726982775,7.135926666340106,28.182213686774702,0.95,0.3,glycerol,37
rep_sigma,4,28.49742610077822,27.39560963823214,26.164452683081922,14.267415054615665,49.25839580095596,0.95,0.39999999999999997,glycerol,37
rep_sigma,5,89.15730188536054,78.68903151999244,87.63920238044273,55.29107188604628,132.52165624754434,0.95,0.7000000000000001,glycerol,37
rep_sigma,6,95.09970126441084,83.69351183190746,93.46900888516367,65.00857918921456,127.1067902957736,0.95,1.0,glycerol,37
rep_sigma,7,72.92494920542941,87.16128419338389,71.33997143737452,47.901664488989134,100.97829275187405,0.95,2.0,glycerol,37
rep_sigma,8,148.79702642995036,131.51612936779452,146.02775604050578,107.19471419374791,202.9635036402746,0.95,3.0,glycerol,37
rep_sigma,9,123.27312359534012,135.54582037794958,121.80296252863432,76.78509941270177,177.49270544627262,0.95,4.0,glycerol,37
rep_sigma,10,122.49236803370286,155.07458981408226,121.66143999538282,83.28645304944526,160.11993030315725,0.95,7.0,glycerol,37
rep_sigma,11,150.5998520269653,170.03309209176285,149.92886220857122,85.86183755202951,214.48381949394042,0.95,10.0,glycerol,37
empirical_F,1,-0.06063609741059051,-0.18078999005929614,-0.059656796964909505,-0.5825740740447799,0.4036777014290463,0.95,0.09999999999999999,glycerol,37
empirical_F,2,-1.2024628961600357,-1.1396441405688644,-1.1633528641261335,-1.9775748159881597,-0.4600448405387669,0.95,0.19999999999999998,glycerol,37
empirical_F,3,-2.097366978105905,-2.096329093877695,-2.1147635909978155,-2.9230081010437843,-1.3108187791153219,0.95,0.3,glycerol,37
empirical_F,4,-2.3857303536176704,-2.0915459950533664,-2.3704331494359843,-2.895921534516624,-1.9147731304251754,0.95,0.39999999999999997,glycerol,37
empirical_F,5,-2.047392633546088,-1.6746284884035334,-1.9090035184824,-4.000282554525873,-0.6771581708517719,0.95,0.7000000000000001,glycerol,37
empirical_F,6,-2.9023633877583057,-2.8662729421624595,-2.903459187216624,-3.253333765891976,-2.4549018771788504,0.95,1.0,glycerol,37
empirical_F,7,-3.659087304796539,-3.595250687137975,-3.6549037914606317,-3.814091977101469,-3.5257054285862974,0.95,2.0,glycerol,37
empirical_F,8,-3.8467661637264254,-3.8892545545855355,-3.840421196475246,-4.052840989565467,-3.6101747139457254,0.95,3.0,glycerol,37
empirical_F,9,-3.7643524564975994,-3.906973278858653,-3.751690043108541,-4.157813634000751,-3.2840534566728516,0.95,4.0,glycerol,37
empirical_F,10,-3.7164693210941193,-3.6845220933594947,-3.6952326985094306,-4.200271741137496,-3.2834031082003583,0.95,7.0,glycerol,37
empirical_F,11,-3.1737920219315647,-3.0593675776272327,-3.1554722946324736,-3.729582641282935,-2.6382139467809003,0.95,10.0,glycerol,37
